Country;Category;DateTime;Value;Frequency;HistoricalDataSymbol;LastUpdate
Belgium;Money Supply M2;1999-01-29T00:00:00;212200;Monthly;BELGIUMMONSUPM2;2014-11-16T22:19:00
Belgium;Money Supply M2;1999-02-28T00:00:00;213500;Monthly;BELGIUMMONSUPM2;2014-11-16T22:19:00
Belgium;Money Supply M2;1999-03-31T00:00:00;212800;Monthly;BELGIUMMONSUPM2;2014-11-16T22:19:00
Belgium;Money Supply M2;1999-04-30T00:00:00;214900;Monthly;BELGIUMMONSUPM2;2014-11-16T22:19:00
Belgium;Money Supply M2;1999-05-31T00:00:00;214300;Monthly;BELGIUMMONSUPM2;2014-11-16T22:19:00
Belgium;Money Supply M2;1999-06-30T00:00:00;217300;Monthly;BELGIUMMONSUPM2;2014-11-16T22:19:00
Belgium;Money Supply M2;1999-07-30T00:00:00;220700;Monthly;BELGIUMMONSUPM2;2014-11-16T22:19:00
Belgium;Money Supply M2;1999-08-31T00:00:00;220100;Monthly;BELGIUMMONSUPM2;2014-11-16T22:19:00
Belgium;Money Supply M2;1999-09-30T00:00:00;221300;Monthly;BELGIUMMONSUPM2;2014-11-16T22:19:00
Belgium;Money Supply M2;1999-10-29T00:00:00;217800;Monthly;BELGIUMMONSUPM2;2014-11-16T22:19:00
Belgium;Money Supply M2;1999-11-30T00:00:00;219700;Monthly;BELGIUMMONSUPM2;2014-11-16T22:19:00
Belgium;Money Supply M2;1999-12-31T00:00:00;221600;Monthly;BELGIUMMONSUPM2;2014-11-16T22:19:00
Belgium;Money Supply M2;2000-01-31T00:00:00;221900;Monthly;BELGIUMMONSUPM2;2014-11-16T22:19:00
Belgium;Money Supply M2;2000-02-29T00:00:00;221900;Monthly;BELGIUMMONSUPM2;2014-11-16T22:19:00
Belgium;Money Supply M2;2000-03-31T00:00:00;223700;Monthly;BELGIUMMONSUPM2;2014-11-16T22:19:00
Belgium;Money Supply M2;2000-04-30T00:00:00;222100;Monthly;BELGIUMMONSUPM2;2014-11-16T22:19:00
Belgium;Money Supply M2;2000-05-31T00:00:00;226100;Monthly;BELGIUMMONSUPM2;2014-11-16T22:19:00
Belgium;Money Supply M2;2000-06-30T00:00:00;231100;Monthly;BELGIUMMONSUPM2;2014-11-16T22:19:00
Belgium;Money Supply M2;2000-07-31T00:00:00;222600;Monthly;BELGIUMMONSUPM2;2014-11-16T22:19:00
Belgium;Money Supply M2;2000-08-31T00:00:00;224000;Monthly;BELGIUMMONSUPM2;2014-11-16T22:19:00
Belgium;Money Supply M2;2000-09-29T00:00:00;225100;Monthly;BELGIUMMONSUPM2;2014-11-16T22:19:00
Belgium;Money Supply M2;2000-10-31T00:00:00;223300;Monthly;BELGIUMMONSUPM2;2014-11-16T22:19:00
Belgium;Money Supply M2;2000-11-30T00:00:00;221600;Monthly;BELGIUMMONSUPM2;2014-11-16T22:19:00
Belgium;Money Supply M2;2000-12-29T00:00:00;218100;Monthly;BELGIUMMONSUPM2;2014-11-16T22:19:00
Belgium;Money Supply M2;2001-01-31T00:00:00;219900;Monthly;BELGIUMMONSUPM2;2014-11-16T22:19:00
Belgium;Money Supply M2;2001-02-28T00:00:00;222200;Monthly;BELGIUMMONSUPM2;2014-11-16T22:19:00
Belgium;Money Supply M2;2001-03-30T00:00:00;224700;Monthly;BELGIUMMONSUPM2;2014-11-16T22:19:00
Belgium;Money Supply M2;2001-04-30T00:00:00;225200;Monthly;BELGIUMMONSUPM2;2014-11-16T22:19:00
Belgium;Money Supply M2;2001-05-31T00:00:00;228800;Monthly;BELGIUMMONSUPM2;2014-11-16T22:19:00
Belgium;Money Supply M2;2001-06-29T00:00:00;232700;Monthly;BELGIUMMONSUPM2;2014-11-16T22:19:00
Belgium;Money Supply M2;2001-07-31T00:00:00;228600;Monthly;BELGIUMMONSUPM2;2014-11-16T22:19:00
Belgium;Money Supply M2;2001-08-31T00:00:00;225500;Monthly;BELGIUMMONSUPM2;2014-11-16T22:19:00
Belgium;Money Supply M2;2001-09-30T00:00:00;226600;Monthly;BELGIUMMONSUPM2;2014-11-16T22:19:00
Belgium;Money Supply M2;2001-10-31T00:00:00;228900;Monthly;BELGIUMMONSUPM2;2014-11-16T22:19:00
Belgium;Money Supply M2;2001-11-30T00:00:00;232700;Monthly;BELGIUMMONSUPM2;2014-11-16T22:19:00
Belgium;Money Supply M2;2001-12-31T00:00:00;236600;Monthly;BELGIUMMONSUPM2;2014-11-16T22:19:00
Belgium;Money Supply M2;2002-01-31T00:00:00;237900;Monthly;BELGIUMMONSUPM2;2014-11-16T22:19:00
Belgium;Money Supply M2;2002-02-28T00:00:00;237200;Monthly;BELGIUMMONSUPM2;2014-11-16T22:19:00
Belgium;Money Supply M2;2002-03-29T00:00:00;240600;Monthly;BELGIUMMONSUPM2;2014-11-16T22:19:00
Belgium;Money Supply M2;2002-04-30T00:00:00;244600;Monthly;BELGIUMMONSUPM2;2014-11-16T22:19:00
Belgium;Money Supply M2;2002-05-31T00:00:00;241900;Monthly;BELGIUMMONSUPM2;2014-11-16T22:19:00
Belgium;Money Supply M2;2002-06-30T00:00:00;242700;Monthly;BELGIUMMONSUPM2;2014-11-16T22:19:00
Belgium;Money Supply M2;2002-07-31T00:00:00;240600;Monthly;BELGIUMMONSUPM2;2014-11-16T22:19:00
Belgium;Money Supply M2;2002-08-30T00:00:00;238700;Monthly;BELGIUMMONSUPM2;2014-11-16T22:19:00
Belgium;Money Supply M2;2002-09-30T00:00:00;238900;Monthly;BELGIUMMONSUPM2;2014-11-16T22:19:00
Belgium;Money Supply M2;2002-10-31T00:00:00;239900;Monthly;BELGIUMMONSUPM2;2014-11-16T22:19:00
Belgium;Money Supply M2;2002-11-29T00:00:00;246100;Monthly;BELGIUMMONSUPM2;2014-11-16T22:19:00
Belgium;Money Supply M2;2002-12-31T00:00:00;247800;Monthly;BELGIUMMONSUPM2;2014-11-16T22:19:00
Belgium;Money Supply M2;2003-01-31T00:00:00;249600;Monthly;BELGIUMMONSUPM2;2014-11-16T22:19:00
Belgium;Money Supply M2;2003-02-28T00:00:00;249800;Monthly;BELGIUMMONSUPM2;2014-11-16T22:19:00
Belgium;Money Supply M2;2003-03-31T00:00:00;256100;Monthly;BELGIUMMONSUPM2;2014-11-16T22:19:00
Belgium;Money Supply M2;2003-04-30T00:00:00;258500;Monthly;BELGIUMMONSUPM2;2014-11-16T22:19:00
Belgium;Money Supply M2;2003-05-30T00:00:00;261700;Monthly;BELGIUMMONSUPM2;2014-11-16T22:19:00
Belgium;Money Supply M2;2003-06-30T00:00:00;261000;Monthly;BELGIUMMONSUPM2;2014-11-16T22:19:00
Belgium;Money Supply M2;2003-07-31T00:00:00;256200;Monthly;BELGIUMMONSUPM2;2014-11-16T22:19:00
Belgium;Money Supply M2;2003-08-29T00:00:00;256200;Monthly;BELGIUMMONSUPM2;2014-11-16T22:19:00
Belgium;Money Supply M2;2003-09-30T00:00:00;258300;Monthly;BELGIUMMONSUPM2;2014-11-16T22:19:00
Belgium;Money Supply M2;2003-10-31T00:00:00;259600;Monthly;BELGIUMMONSUPM2;2014-11-16T22:19:00
Belgium;Money Supply M2;2003-11-30T00:00:00;261300;Monthly;BELGIUMMONSUPM2;2014-11-16T22:19:00
Belgium;Money Supply M2;2003-12-31T00:00:00;269900;Monthly;BELGIUMMONSUPM2;2014-11-16T22:19:00
Belgium;Money Supply M2;2004-01-30T00:00:00;270500;Monthly;BELGIUMMONSUPM2;2014-11-16T22:19:00
Belgium;Money Supply M2;2004-02-29T00:00:00;272800;Monthly;BELGIUMMONSUPM2;2014-11-16T22:19:00
Belgium;Money Supply M2;2004-03-31T00:00:00;276600;Monthly;BELGIUMMONSUPM2;2014-11-16T22:19:00
Belgium;Money Supply M2;2004-04-30T00:00:00;280000;Monthly;BELGIUMMONSUPM2;2014-11-16T22:19:00
Belgium;Money Supply M2;2004-05-31T00:00:00;282900;Monthly;BELGIUMMONSUPM2;2014-11-16T22:19:00
Belgium;Money Supply M2;2004-06-30T00:00:00;282000;Monthly;BELGIUMMONSUPM2;2014-11-16T22:19:00
Belgium;Money Supply M2;2004-07-30T00:00:00;282300;Monthly;BELGIUMMONSUPM2;2014-11-16T22:19:00
Belgium;Money Supply M2;2004-08-31T00:00:00;280000;Monthly;BELGIUMMONSUPM2;2014-11-16T22:19:00
Belgium;Money Supply M2;2004-09-30T00:00:00;282900;Monthly;BELGIUMMONSUPM2;2014-11-16T22:19:00
Belgium;Money Supply M2;2004-10-29T00:00:00;281800;Monthly;BELGIUMMONSUPM2;2014-11-16T22:19:00
Belgium;Money Supply M2;2004-11-30T00:00:00;289400;Monthly;BELGIUMMONSUPM2;2014-11-16T22:19:00
Belgium;Money Supply M2;2004-12-31T00:00:00;298300;Monthly;BELGIUMMONSUPM2;2014-11-16T22:19:00
Belgium;Money Supply M2;2005-01-31T00:00:00;297600;Monthly;BELGIUMMONSUPM2;2014-11-16T22:19:00
Belgium;Money Supply M2;2005-02-28T00:00:00;297300;Monthly;BELGIUMMONSUPM2;2014-11-16T22:19:00
Belgium;Money Supply M2;2005-03-31T00:00:00;303300;Monthly;BELGIUMMONSUPM2;2014-11-16T22:19:00
Belgium;Money Supply M2;2005-04-29T00:00:00;304100;Monthly;BELGIUMMONSUPM2;2014-11-16T22:19:00
Belgium;Money Supply M2;2005-05-31T00:00:00;309000;Monthly;BELGIUMMONSUPM2;2014-11-16T22:19:00
Belgium;Money Supply M2;2005-06-30T00:00:00;307900;Monthly;BELGIUMMONSUPM2;2014-11-16T22:19:00
Belgium;Money Supply M2;2005-07-29T00:00:00;305700;Monthly;BELGIUMMONSUPM2;2014-11-16T22:19:00
Belgium;Money Supply M2;2005-08-31T00:00:00;307000;Monthly;BELGIUMMONSUPM2;2014-11-16T22:19:00
Belgium;Money Supply M2;2005-09-30T00:00:00;308300;Monthly;BELGIUMMONSUPM2;2014-11-16T22:19:00
Belgium;Money Supply M2;2005-10-31T00:00:00;313200;Monthly;BELGIUMMONSUPM2;2014-11-16T22:19:00
Belgium;Money Supply M2;2005-11-30T00:00:00;313500;Monthly;BELGIUMMONSUPM2;2014-11-16T22:19:00
Belgium;Money Supply M2;2005-12-30T00:00:00;321800;Monthly;BELGIUMMONSUPM2;2014-11-16T22:19:00
Belgium;Money Supply M2;2006-01-31T00:00:00;319700;Monthly;BELGIUMMONSUPM2;2014-11-16T22:19:00
Belgium;Money Supply M2;2006-02-28T00:00:00;322300;Monthly;BELGIUMMONSUPM2;2014-11-16T22:19:00
Belgium;Money Supply M2;2006-03-31T00:00:00;328400;Monthly;BELGIUMMONSUPM2;2014-11-16T22:19:00
Belgium;Money Supply M2;2006-04-30T00:00:00;329900;Monthly;BELGIUMMONSUPM2;2014-11-16T22:19:00
Belgium;Money Supply M2;2006-05-31T00:00:00;328900;Monthly;BELGIUMMONSUPM2;2014-11-16T22:19:00
Belgium;Money Supply M2;2006-06-30T00:00:00;332000;Monthly;BELGIUMMONSUPM2;2014-11-16T22:19:00
Belgium;Money Supply M2;2006-07-31T00:00:00;332500;Monthly;BELGIUMMONSUPM2;2014-11-16T22:19:00
Belgium;Money Supply M2;2006-08-31T00:00:00;334400;Monthly;BELGIUMMONSUPM2;2014-11-16T22:19:00
Belgium;Money Supply M2;2006-09-29T00:00:00;335400;Monthly;BELGIUMMONSUPM2;2014-11-16T22:19:00
Belgium;Money Supply M2;2006-10-31T00:00:00;331200;Monthly;BELGIUMMONSUPM2;2014-11-16T22:19:00
Belgium;Money Supply M2;2006-11-30T00:00:00;333200;Monthly;BELGIUMMONSUPM2;2014-11-16T22:19:00
Belgium;Money Supply M2;2006-12-29T00:00:00;339200;Monthly;BELGIUMMONSUPM2;2014-11-16T22:19:00
Belgium;Money Supply M2;2007-01-31T00:00:00;344300;Monthly;BELGIUMMONSUPM2;2014-11-16T22:19:00
Belgium;Money Supply M2;2007-02-28T00:00:00;345700;Monthly;BELGIUMMONSUPM2;2014-11-16T22:19:00
Belgium;Money Supply M2;2007-03-30T00:00:00;350900;Monthly;BELGIUMMONSUPM2;2014-11-16T22:19:00
Belgium;Money Supply M2;2007-04-30T00:00:00;359900;Monthly;BELGIUMMONSUPM2;2014-11-16T22:19:00
Belgium;Money Supply M2;2007-05-31T00:00:00;363400;Monthly;BELGIUMMONSUPM2;2014-11-16T22:19:00
Belgium;Money Supply M2;2007-06-29T00:00:00;361700;Monthly;BELGIUMMONSUPM2;2014-11-16T22:19:00
Belgium;Money Supply M2;2007-07-31T00:00:00;360900;Monthly;BELGIUMMONSUPM2;2014-11-16T22:19:00
Belgium;Money Supply M2;2007-08-31T00:00:00;356000;Monthly;BELGIUMMONSUPM2;2014-11-16T22:19:00
Belgium;Money Supply M2;2007-09-30T00:00:00;360800;Monthly;BELGIUMMONSUPM2;2014-11-16T22:19:00
Belgium;Money Supply M2;2007-10-31T00:00:00;367400;Monthly;BELGIUMMONSUPM2;2014-11-16T22:19:00
Belgium;Money Supply M2;2007-11-30T00:00:00;367400;Monthly;BELGIUMMONSUPM2;2014-11-16T22:19:00
Belgium;Money Supply M2;2007-12-31T00:00:00;364700;Monthly;BELGIUMMONSUPM2;2014-11-16T22:19:00
Belgium;Money Supply M2;2008-01-31T00:00:00;362400;Monthly;BELGIUMMONSUPM2;2014-11-16T22:19:00
Belgium;Money Supply M2;2008-02-29T00:00:00;364500;Monthly;BELGIUMMONSUPM2;2014-11-16T22:19:00
Belgium;Money Supply M2;2008-03-31T00:00:00;365900;Monthly;BELGIUMMONSUPM2;2014-11-16T22:19:00
Belgium;Money Supply M2;2008-04-30T00:00:00;373900;Monthly;BELGIUMMONSUPM2;2014-11-16T22:19:00
Belgium;Money Supply M2;2008-05-30T00:00:00;376800;Monthly;BELGIUMMONSUPM2;2014-11-16T22:19:00
Belgium;Money Supply M2;2008-06-30T00:00:00;372000;Monthly;BELGIUMMONSUPM2;2014-11-16T22:19:00
Belgium;Money Supply M2;2008-07-31T00:00:00;368200;Monthly;BELGIUMMONSUPM2;2014-11-16T22:19:00
Belgium;Money Supply M2;2008-08-29T00:00:00;366500;Monthly;BELGIUMMONSUPM2;2014-11-16T22:19:00
Belgium;Money Supply M2;2008-09-30T00:00:00;370200;Monthly;BELGIUMMONSUPM2;2014-11-16T22:19:00
Belgium;Money Supply M2;2008-10-31T00:00:00;381300;Monthly;BELGIUMMONSUPM2;2014-11-16T22:19:00
Belgium;Money Supply M2;2008-11-30T00:00:00;381400;Monthly;BELGIUMMONSUPM2;2014-11-16T22:19:00
Belgium;Money Supply M2;2008-12-31T00:00:00;367800;Monthly;BELGIUMMONSUPM2;2014-11-16T22:19:00
Belgium;Money Supply M2;2009-01-30T00:00:00;371800;Monthly;BELGIUMMONSUPM2;2014-11-16T22:19:00
Belgium;Money Supply M2;2009-02-28T00:00:00;368500;Monthly;BELGIUMMONSUPM2;2014-11-16T22:19:00
Belgium;Money Supply M2;2009-03-31T00:00:00;369300;Monthly;BELGIUMMONSUPM2;2014-11-16T22:19:00
Belgium;Money Supply M2;2009-04-30T00:00:00;370300;Monthly;BELGIUMMONSUPM2;2014-11-16T22:19:00
Belgium;Money Supply M2;2009-05-29T00:00:00;370200;Monthly;BELGIUMMONSUPM2;2014-11-16T22:19:00
Belgium;Money Supply M2;2009-06-30T00:00:00;372600;Monthly;BELGIUMMONSUPM2;2014-11-16T22:19:00
Belgium;Money Supply M2;2009-07-31T00:00:00;371300;Monthly;BELGIUMMONSUPM2;2014-11-16T22:19:00
Belgium;Money Supply M2;2009-08-31T00:00:00;369800;Monthly;BELGIUMMONSUPM2;2014-11-16T22:19:00
Belgium;Money Supply M2;2009-09-30T00:00:00;370300;Monthly;BELGIUMMONSUPM2;2014-11-16T22:19:00
Belgium;Money Supply M2;2009-10-30T00:00:00;369700;Monthly;BELGIUMMONSUPM2;2014-11-16T22:19:00
Belgium;Money Supply M2;2009-11-30T00:00:00;368000;Monthly;BELGIUMMONSUPM2;2014-11-16T22:19:00
Belgium;Money Supply M2;2009-12-31T00:00:00;368800;Monthly;BELGIUMMONSUPM2;2014-11-16T22:19:00
Belgium;Money Supply M2;2010-01-29T00:00:00;372200;Monthly;BELGIUMMONSUPM2;2014-11-16T22:19:00
Belgium;Money Supply M2;2010-02-28T00:00:00;373800;Monthly;BELGIUMMONSUPM2;2014-11-16T22:19:00
Belgium;Money Supply M2;2010-03-31T00:00:00;376800;Monthly;BELGIUMMONSUPM2;2014-11-16T22:19:00
Belgium;Money Supply M2;2010-04-30T00:00:00;375600;Monthly;BELGIUMMONSUPM2;2014-11-16T22:19:00
Belgium;Money Supply M2;2010-05-31T00:00:00;378200;Monthly;BELGIUMMONSUPM2;2014-11-16T22:19:00
Belgium;Money Supply M2;2010-06-30T00:00:00;378600;Monthly;BELGIUMMONSUPM2;2014-11-16T22:19:00
Belgium;Money Supply M2;2010-07-30T00:00:00;376000;Monthly;BELGIUMMONSUPM2;2014-11-16T22:19:00
Belgium;Money Supply M2;2010-08-31T00:00:00;382100;Monthly;BELGIUMMONSUPM2;2014-11-16T22:19:00
Belgium;Money Supply M2;2010-09-30T00:00:00;387400;Monthly;BELGIUMMONSUPM2;2014-11-16T22:19:00
Belgium;Money Supply M2;2010-10-29T00:00:00;385100;Monthly;BELGIUMMONSUPM2;2014-11-16T22:19:00
Belgium;Money Supply M2;2010-11-30T00:00:00;383500;Monthly;BELGIUMMONSUPM2;2014-11-16T22:19:00
Belgium;Money Supply M2;2010-12-31T00:00:00;385200;Monthly;BELGIUMMONSUPM2;2014-11-16T22:19:00
Belgium;Money Supply M2;2011-01-31T00:00:00;389300;Monthly;BELGIUMMONSUPM2;2014-11-16T22:19:00
Belgium;Money Supply M2;2011-02-28T00:00:00;386600;Monthly;BELGIUMMONSUPM2;2014-11-16T22:19:00
Belgium;Money Supply M2;2011-03-31T00:00:00;387200;Monthly;BELGIUMMONSUPM2;2014-11-16T22:19:00
Belgium;Money Supply M2;2011-04-29T00:00:00;384300;Monthly;BELGIUMMONSUPM2;2014-11-16T22:19:00
Belgium;Money Supply M2;2011-05-31T00:00:00;386400;Monthly;BELGIUMMONSUPM2;2014-11-16T22:19:00
Belgium;Money Supply M2;2011-06-30T00:00:00;385900;Monthly;BELGIUMMONSUPM2;2014-11-16T22:19:00
Belgium;Money Supply M2;2011-07-29T00:00:00;383100;Monthly;BELGIUMMONSUPM2;2014-11-16T22:19:00
Belgium;Money Supply M2;2011-08-31T00:00:00;383900;Monthly;BELGIUMMONSUPM2;2014-11-16T22:19:00
Belgium;Money Supply M2;2011-09-30T00:00:00;384600;Monthly;BELGIUMMONSUPM2;2014-11-16T22:19:00
Belgium;Money Supply M2;2011-10-31T00:00:00;385500;Monthly;BELGIUMMONSUPM2;2014-11-16T22:19:00
Belgium;Money Supply M2;2011-11-30T00:00:00;385900;Monthly;BELGIUMMONSUPM2;2014-11-16T22:19:00
Belgium;Money Supply M2;2011-12-30T00:00:00;386100;Monthly;BELGIUMMONSUPM2;2014-11-16T22:19:00
Belgium;Money Supply M2;2012-01-31T00:00:00;391100;Monthly;BELGIUMMONSUPM2;2014-11-16T22:19:00
Belgium;Money Supply M2;2012-02-29T00:00:00;391600;Monthly;BELGIUMMONSUPM2;2014-11-16T22:19:00
Belgium;Money Supply M2;2012-03-30T00:00:00;396100;Monthly;BELGIUMMONSUPM2;2014-11-16T22:19:00
Belgium;Money Supply M2;2012-04-30T00:00:00;396200;Monthly;BELGIUMMONSUPM2;2014-11-16T22:19:00
Belgium;Money Supply M2;2012-05-31T00:00:00;396800;Monthly;BELGIUMMONSUPM2;2014-11-16T22:19:00
Belgium;Money Supply M2;2012-06-29T00:00:00;400300;Monthly;BELGIUMMONSUPM2;2014-11-16T22:19:00
Belgium;Money Supply M2;2012-07-31T00:00:00;403200;Monthly;BELGIUMMONSUPM2;2014-11-16T22:19:00
Belgium;Money Supply M2;2012-08-31T00:00:00;404800;Monthly;BELGIUMMONSUPM2;2014-11-16T22:19:00
Belgium;Money Supply M2;2012-09-30T00:00:00;411400;Monthly;BELGIUMMONSUPM2;2014-11-16T22:19:00
Belgium;Money Supply M2;2012-10-31T00:00:00;416000;Monthly;BELGIUMMONSUPM2;2014-11-16T22:19:00
Belgium;Money Supply M2;2012-11-30T00:00:00;416800;Monthly;BELGIUMMONSUPM2;2014-11-16T22:19:00
Belgium;Money Supply M2;2012-12-31T00:00:00;415000;Monthly;BELGIUMMONSUPM2;2014-11-16T22:19:00
Belgium;Money Supply M2;2013-01-31T00:00:00;417400;Monthly;BELGIUMMONSUPM2;2014-11-16T22:19:00
Belgium;Money Supply M2;2013-02-28T00:00:00;418000;Monthly;BELGIUMMONSUPM2;2014-11-16T22:19:00
Belgium;Money Supply M2;2013-03-29T00:00:00;419300;Monthly;BELGIUMMONSUPM2;2014-11-16T22:19:00
Belgium;Money Supply M2;2013-04-30T00:00:00;424600;Monthly;BELGIUMMONSUPM2;2014-11-16T22:19:00
Belgium;Money Supply M2;2013-05-31T00:00:00;427200;Monthly;BELGIUMMONSUPM2;2014-11-16T22:19:00
Belgium;Money Supply M2;2013-06-30T00:00:00;427900;Monthly;BELGIUMMONSUPM2;2014-11-16T22:19:00
Belgium;Money Supply M2;2013-07-31T00:00:00;428500;Monthly;BELGIUMMONSUPM2;2014-11-16T22:19:00
Belgium;Money Supply M2;2013-08-30T00:00:00;425500;Monthly;BELGIUMMONSUPM2;2014-11-16T22:19:00
Belgium;Money Supply M2;2013-09-30T00:00:00;429700;Monthly;BELGIUMMONSUPM2;2014-11-16T22:19:00
Belgium;Money Supply M2;2013-10-31T00:00:00;432000;Monthly;BELGIUMMONSUPM2;2014-11-16T22:19:00
Belgium;Money Supply M2;2013-11-29T00:00:00;429700;Monthly;BELGIUMMONSUPM2;2014-11-16T22:19:00
Belgium;Money Supply M2;2013-12-31T00:00:00;429300;Monthly;BELGIUMMONSUPM2;2014-11-16T22:19:00
Belgium;Money Supply M2;2014-01-31T00:00:00;434000;Monthly;BELGIUMMONSUPM2;2014-11-16T22:19:00
Belgium;Money Supply M2;2014-02-28T00:00:00;432000;Monthly;BELGIUMMONSUPM2;2014-11-16T22:19:00
Belgium;Money Supply M2;2014-03-31T00:00:00;436600;Monthly;BELGIUMMONSUPM2;2014-11-16T22:19:00
Belgium;Money Supply M2;2014-04-30T00:00:00;439300;Monthly;BELGIUMMONSUPM2;2014-11-16T22:19:00
Belgium;Money Supply M2;2014-05-30T00:00:00;439100;Monthly;BELGIUMMONSUPM2;2014-11-16T22:19:00
Belgium;Money Supply M2;2014-06-30T00:00:00;446200;Monthly;BELGIUMMONSUPM2;2014-11-16T22:19:00
Belgium;Money Supply M2;2014-07-31T00:00:00;446400;Monthly;BELGIUMMONSUPM2;2014-11-16T22:19:00
Belgium;Money Supply M2;2014-08-29T00:00:00;446000;Monthly;BELGIUMMONSUPM2;2014-11-16T22:19:00
Belgium;Money Supply M2;2014-09-30T00:00:00;452400;Monthly;BELGIUMMONSUPM2;2015-01-10T19:15:00
Belgium;Money Supply M2;2014-10-31T00:00:00;454000;Monthly;BELGIUMMONSUPM2;2015-01-10T19:15:00
Belgium;Money Supply M2;2014-11-30T00:00:00;456300;Monthly;BELGIUMMONSUPM2;2015-01-18T12:58:00
Belgium;Money Supply M2;2014-12-31T00:00:00;457500;Monthly;BELGIUMMONSUPM2;2019-01-23T10:15:00
Belgium;Money Supply M2;2015-01-31T00:00:00;463100;Monthly;BELGIUMMONSUPM2;2019-01-23T10:15:00
Belgium;Money Supply M2;2015-02-28T00:00:00;461600;Monthly;BELGIUMMONSUPM2;2019-01-23T10:15:00
Belgium;Money Supply M2;2015-03-31T00:00:00;471800;Monthly;BELGIUMMONSUPM2;2019-01-23T10:15:00
Belgium;Money Supply M2;2015-04-30T00:00:00;473700;Monthly;BELGIUMMONSUPM2;2019-01-23T10:15:00
Belgium;Money Supply M2;2015-05-31T00:00:00;476900;Monthly;BELGIUMMONSUPM2;2019-01-23T10:15:00
Belgium;Money Supply M2;2015-06-30T00:00:00;479000;Monthly;BELGIUMMONSUPM2;2019-01-23T10:15:00
Belgium;Money Supply M2;2015-07-31T00:00:00;480100;Monthly;BELGIUMMONSUPM2;2019-01-23T10:15:00
Belgium;Money Supply M2;2015-08-31T00:00:00;479700;Monthly;BELGIUMMONSUPM2;2019-01-23T10:15:00
Belgium;Money Supply M2;2015-09-30T00:00:00;482800;Monthly;BELGIUMMONSUPM2;2019-01-23T10:15:00
Belgium;Money Supply M2;2015-10-31T00:00:00;485000;Monthly;BELGIUMMONSUPM2;2019-01-23T10:15:00
Belgium;Money Supply M2;2015-11-30T00:00:00;489000;Monthly;BELGIUMMONSUPM2;2019-01-23T10:15:00
Belgium;Money Supply M2;2015-12-31T00:00:00;482100;Monthly;BELGIUMMONSUPM2;2019-01-23T10:15:00
Belgium;Money Supply M2;2016-01-31T00:00:00;486800;Monthly;BELGIUMMONSUPM2;2019-01-23T10:15:00
Belgium;Money Supply M2;2016-02-29T00:00:00;486800;Monthly;BELGIUMMONSUPM2;2016-04-05T16:41:00
Belgium;Money Supply M2;2016-03-31T00:00:00;491300;Monthly;BELGIUMMONSUPM2;2019-01-23T10:15:00
Belgium;Money Supply M2;2016-04-30T00:00:00;492900;Monthly;BELGIUMMONSUPM2;2019-01-23T10:15:00
Belgium;Money Supply M2;2016-05-31T00:00:00;499900;Monthly;BELGIUMMONSUPM2;2019-01-23T10:15:00
Belgium;Money Supply M2;2016-06-30T00:00:00;501600;Monthly;BELGIUMMONSUPM2;2019-01-23T10:15:00
Belgium;Money Supply M2;2016-07-31T00:00:00;502300;Monthly;BELGIUMMONSUPM2;2016-09-03T10:03:00
Belgium;Money Supply M2;2016-08-31T00:00:00;502000;Monthly;BELGIUMMONSUPM2;2019-01-23T10:15:00
Belgium;Money Supply M2;2016-09-30T00:00:00;498500;Monthly;BELGIUMMONSUPM2;2016-11-05T10:03:00
Belgium;Money Supply M2;2016-10-31T00:00:00;498800;Monthly;BELGIUMMONSUPM2;2017-01-03T16:55:00
Belgium;Money Supply M2;2016-11-30T00:00:00;497000;Monthly;BELGIUMMONSUPM2;2019-01-23T10:15:00
Belgium;Money Supply M2;2016-12-31T00:00:00;498800;Monthly;BELGIUMMONSUPM2;2019-01-23T10:15:00
Belgium;Money Supply M2;2017-01-31T00:00:00;498200;Monthly;BELGIUMMONSUPM2;2019-01-23T10:15:00
Belgium;Money Supply M2;2017-02-28T00:00:00;497300;Monthly;BELGIUMMONSUPM2;2019-01-23T10:15:00
Belgium;Money Supply M2;2017-03-31T00:00:00;501700;Monthly;BELGIUMMONSUPM2;2019-01-23T10:15:00
Belgium;Money Supply M2;2017-04-30T00:00:00;504600;Monthly;BELGIUMMONSUPM2;2019-01-23T10:15:00
Belgium;Money Supply M2;2017-05-31T00:00:00;509500;Monthly;BELGIUMMONSUPM2;2019-01-23T10:15:00
Belgium;Money Supply M2;2017-06-30T00:00:00;509200;Monthly;BELGIUMMONSUPM2;2019-01-23T10:15:00
Belgium;Money Supply M2;2017-07-31T00:00:00;508200;Monthly;BELGIUMMONSUPM2;2019-01-23T10:15:00
Belgium;Money Supply M2;2017-08-31T00:00:00;507200;Monthly;BELGIUMMONSUPM2;2019-01-23T10:15:00
Belgium;Money Supply M2;2017-09-30T00:00:00;510100;Monthly;BELGIUMMONSUPM2;2019-01-23T10:15:00
Belgium;Money Supply M2;2017-10-31T00:00:00;516100;Monthly;BELGIUMMONSUPM2;2019-01-23T10:15:00
Belgium;Money Supply M2;2017-11-30T00:00:00;517700;Monthly;BELGIUMMONSUPM2;2019-01-23T10:15:00
Belgium;Money Supply M2;2017-12-31T00:00:00;514300;Monthly;BELGIUMMONSUPM2;2019-01-23T10:15:00
Belgium;Money Supply M2;2018-01-31T00:00:00;517100;Monthly;BELGIUMMONSUPM2;2019-01-23T10:15:00
Belgium;Money Supply M2;2018-02-28T00:00:00;518600;Monthly;BELGIUMMONSUPM2;2019-01-23T10:15:00
Belgium;Money Supply M2;2018-03-31T00:00:00;524900;Monthly;BELGIUMMONSUPM2;2019-01-23T10:15:00
Belgium;Money Supply M2;2018-04-30T00:00:00;525600;Monthly;BELGIUMMONSUPM2;2018-06-01T15:41:00
Belgium;Money Supply M2;2018-05-31T00:00:00;531400;Monthly;BELGIUMMONSUPM2;2019-01-23T10:15:00
Belgium;Money Supply M2;2018-06-30T00:00:00;532700;Monthly;BELGIUMMONSUPM2;2019-01-23T10:15:00
Belgium;Money Supply M2;2018-07-31T00:00:00;532800;Monthly;BELGIUMMONSUPM2;2019-01-23T10:15:00
Belgium;Money Supply M2;2018-08-31T00:00:00;533000;Monthly;BELGIUMMONSUPM2;2019-01-23T10:15:00
Belgium;Money Supply M2;2018-09-30T00:00:00;534200;Monthly;BELGIUMMONSUPM2;2018-11-03T10:02:00
Belgium;Money Supply M2;2018-10-31T00:00:00;535600;Monthly;BELGIUMMONSUPM2;2018-12-01T10:03:00
Belgium;Money Supply M2;2018-11-30T00:00:00;539100;Monthly;BELGIUMMONSUPM2;2019-01-05T10:01:00
Belgium;Money Supply M2;2018-12-31T00:00:00;539400;Monthly;BELGIUMMONSUPM2;2019-02-02T10:02:00
Belgium;Money Supply M2;2019-01-31T00:00:00;544000;Monthly;BELGIUMMONSUPM2;2020-12-03T12:31:00
Belgium;Money Supply M2;2019-02-28T00:00:00;545300;Monthly;BELGIUMMONSUPM2;2020-12-03T12:31:00
Belgium;Money Supply M2;2019-03-31T00:00:00;556000;Monthly;BELGIUMMONSUPM2;2020-12-03T12:31:00
Belgium;Money Supply M2;2019-04-30T00:00:00;559300;Monthly;BELGIUMMONSUPM2;2020-12-03T12:31:00
Belgium;Money Supply M2;2019-05-31T00:00:00;566300;Monthly;BELGIUMMONSUPM2;2020-12-03T12:31:00
Belgium;Money Supply M2;2019-06-30T00:00:00;565200;Monthly;BELGIUMMONSUPM2;2020-12-03T12:31:00
Belgium;Money Supply M2;2019-07-31T00:00:00;564900;Monthly;BELGIUMMONSUPM2;2020-12-03T12:31:00
Belgium;Money Supply M2;2019-08-31T00:00:00;563100;Monthly;BELGIUMMONSUPM2;2019-10-05T10:01:00
Belgium;Money Supply M2;2019-09-30T00:00:00;565700;Monthly;BELGIUMMONSUPM2;2020-12-03T12:31:00
Belgium;Money Supply M2;2019-10-31T00:00:00;567400;Monthly;BELGIUMMONSUPM2;2020-12-03T12:31:00
Belgium;Money Supply M2;2019-11-30T00:00:00;570300;Monthly;BELGIUMMONSUPM2;2020-12-03T12:31:00
Belgium;Money Supply M2;2019-12-31T00:00:00;567700;Monthly;BELGIUMMONSUPM2;2020-12-03T12:31:00
Belgium;Money Supply M2;2020-01-31T00:00:00;570600;Monthly;BELGIUMMONSUPM2;2020-12-03T12:31:00
Belgium;Money Supply M2;2020-02-29T00:00:00;570600;Monthly;BELGIUMMONSUPM2;2020-12-03T12:31:00
Belgium;Money Supply M2;2020-03-31T00:00:00;580800;Monthly;BELGIUMMONSUPM2;2020-12-03T12:31:00
Belgium;Money Supply M2;2020-04-30T00:00:00;590200;Monthly;BELGIUMMONSUPM2;2020-12-03T12:31:00
Belgium;Money Supply M2;2020-05-31T00:00:00;597700;Monthly;BELGIUMMONSUPM2;2020-12-03T12:31:00
Belgium;Money Supply M2;2020-06-30T00:00:00;602000;Monthly;BELGIUMMONSUPM2;2020-12-03T12:31:00
Belgium;Money Supply M2;2020-07-31T00:00:00;599400;Monthly;BELGIUMMONSUPM2;2020-12-03T12:31:00
Belgium;Money Supply M2;2020-08-31T00:00:00;599200;Monthly;BELGIUMMONSUPM2;2020-12-03T12:31:00
Belgium;Money Supply M2;2020-09-30T00:00:00;599300;Monthly;BELGIUMMONSUPM2;2020-12-03T12:31:00
Belgium;Money Supply M2;2020-10-31T00:00:00;603400;Monthly;BELGIUMMONSUPM2;2020-12-03T12:30:00
Belgium;Money Supply M2;2020-11-30T00:00:00;610400;Monthly;BELGIUMMONSUPM2;2021-01-09T10:01:00
Belgium;Money Supply M2;2020-12-31T00:00:00;612800;Monthly;BELGIUMMONSUPM2;2021-01-30T10:01:00
Belgium;Money Supply M2;2021-01-31T00:00:00;609800;Monthly;BELGIUMMONSUPM2;2021-02-27T10:01:00
Belgium;Money Supply M2;2021-02-28T00:00:00;612300;Monthly;BELGIUMMONSUPM2;2021-04-03T10:02:00
Belgium;Money Supply M2;2021-03-31T00:00:00;614600;Monthly;BELGIUMMONSUPM2;2021-05-01T10:01:00
Belgium;Money Supply M2;2021-04-30T00:00:00;615400;Monthly;BELGIUMMONSUPM2;2021-06-05T10:02:00
Belgium;Money Supply M2;2021-05-31T00:00:00;624900;Monthly;BELGIUMMONSUPM2;2021-07-03T10:02:00
Belgium;Money Supply M2;2021-06-30T00:00:00;627300;Monthly;BELGIUMMONSUPM2;2021-07-31T10:02:00
Belgium;Money Supply M2;2021-07-31T00:00:00;625800;Monthly;BELGIUMMONSUPM2;2021-09-04T10:01:00
Belgium;Money Supply M2;2021-08-31T00:00:00;629800;Monthly;BELGIUMMONSUPM2;2021-10-02T10:01:00
Belgium;Money Supply M2;2021-09-30T00:00:00;630200;Monthly;BELGIUMMONSUPM2;2021-10-30T10:01:00
Belgium;Money Supply M2;2021-10-31T00:00:00;634000;Monthly;BELGIUMMONSUPM2;2021-12-04T10:01:00
Belgium;Money Supply M2;2021-11-30T00:00:00;637500;Monthly;BELGIUMMONSUPM2;2022-01-01T10:01:00
Belgium;Money Supply M2;2021-12-31T00:00:00;643100;Monthly;BELGIUMMONSUPM2;2022-02-05T10:01:00
Belgium;Money Supply M2;2022-01-31T00:00:00;638800;Monthly;BELGIUMMONSUPM2;2022-03-05T10:01:00
Belgium;Money Supply M2;2022-02-28T00:00:00;641000;Monthly;BELGIUMMONSUPM2;2022-04-02T10:01:00
Belgium;Money Supply M2;2022-03-31T00:00:00;645800;Monthly;BELGIUMMONSUPM2;2022-04-30T10:01:00
Belgium;Money Supply M2;2022-04-30T00:00:00;648100;Monthly;BELGIUMMONSUPM2;2022-06-04T10:01:00
Belgium;Money Supply M2;2022-05-31T00:00:00;651700;Monthly;BELGIUMMONSUPM2;2022-07-02T10:01:00
Belgium;Money Supply M2;2022-06-30T00:00:00;655200;Monthly;BELGIUMMONSUPM2;2022-07-30T10:01:00
Belgium;Money Supply M2;2022-07-31T00:00:00;654900;Monthly;BELGIUMMONSUPM2;2022-09-03T10:01:00
Belgium;Money Supply M2;2022-08-31T00:00:00;658100;Monthly;BELGIUMMONSUPM2;2022-10-01T10:01:00
Belgium;Money Supply M2;2022-09-30T00:00:00;658100;Monthly;BELGIUMMONSUPM2;2022-11-05T10:01:00
Belgium;Money Supply M2;2022-10-31T00:00:00;657800;Monthly;BELGIUMMONSUPM2;2022-12-03T10:01:00
Belgium;Money Supply M2;2022-11-30T00:00:00;656300;Monthly;BELGIUMMONSUPM2;2022-12-31T10:01:00
Belgium;Money Supply M2;2022-12-31T00:00:00;654800;Monthly;BELGIUMMONSUPM2;2023-02-04T10:01:00
Belgium;Money Supply M2;2023-01-31T00:00:00;649700;Monthly;BELGIUMMONSUPM2;2023-03-04T10:01:00
Belgium;Money Supply M2;2023-02-28T00:00:00;650100;Monthly;BELGIUMMONSUPM2;2023-04-01T10:01:00
