Country,Category,DateTime,Value,Frequency,HistoricalDataSymbol,LastUpdate
Netherlands,Money Supply M2,1982-12-31T00:00:00,102486,Monthly,NETHERLANDMONSUPM2,2015-01-11T11:07:00
Netherlands,Money Supply M2,1983-01-31T00:00:00,103969,Monthly,NETHERLANDMONSUPM2,2015-01-11T11:07:00
Netherlands,Money Supply M2,1983-02-28T00:00:00,104381,Monthly,NETHERLANDMONSUPM2,2015-01-11T11:07:00
Netherlands,Money Supply M2,1983-03-31T00:00:00,107653,Monthly,NETHERLANDMONSUPM2,2015-01-11T11:07:00
Netherlands,Money Supply M2,1983-04-29T00:00:00,108706,Monthly,NETHERLANDMONSUPM2,2015-01-11T11:07:00
Netherlands,Money Supply M2,1983-05-31T00:00:00,110297,Monthly,NETHERLANDMONSUPM2,2015-01-11T11:07:00
Netherlands,Money Supply M2,1983-06-30T00:00:00,110345,Monthly,NETHERLANDMONSUPM2,2015-01-11T11:07:00
Netherlands,Money Supply M2,1983-07-29T00:00:00,108201,Monthly,NETHERLANDMONSUPM2,2015-01-11T11:07:00
Netherlands,Money Supply M2,1983-08-31T00:00:00,107292,Monthly,NETHERLANDMONSUPM2,2015-01-11T11:07:00
Netherlands,Money Supply M2,1983-09-30T00:00:00,107218,Monthly,NETHERLANDMONSUPM2,2015-01-11T11:07:00
Netherlands,Money Supply M2,1983-10-31T00:00:00,106986,Monthly,NETHERLANDMONSUPM2,2015-01-11T11:07:00
Netherlands,Money Supply M2,1983-11-30T00:00:00,108464,Monthly,NETHERLANDMONSUPM2,2015-01-11T11:07:00
Netherlands,Money Supply M2,1983-12-30T00:00:00,107104,Monthly,NETHERLANDMONSUPM2,2015-01-11T11:07:00
Netherlands,Money Supply M2,1984-01-31T00:00:00,107968,Monthly,NETHERLANDMONSUPM2,2015-01-11T11:07:00
Netherlands,Money Supply M2,1984-02-29T00:00:00,109646,Monthly,NETHERLANDMONSUPM2,2015-01-11T11:07:00
Netherlands,Money Supply M2,1984-03-30T00:00:00,111039,Monthly,NETHERLANDMONSUPM2,2015-01-11T11:07:00
Netherlands,Money Supply M2,1984-04-30T00:00:00,113657,Monthly,NETHERLANDMONSUPM2,2015-01-11T11:07:00
Netherlands,Money Supply M2,1984-05-31T00:00:00,116195,Monthly,NETHERLANDMONSUPM2,2015-01-11T11:07:00
Netherlands,Money Supply M2,1984-06-29T00:00:00,116319,Monthly,NETHERLANDMONSUPM2,2015-01-11T11:07:00
Netherlands,Money Supply M2,1984-07-31T00:00:00,115746,Monthly,NETHERLANDMONSUPM2,2015-01-11T11:07:00
Netherlands,Money Supply M2,1984-08-31T00:00:00,115600,Monthly,NETHERLANDMONSUPM2,2015-01-11T11:07:00
Netherlands,Money Supply M2,1984-09-30T00:00:00,115656,Monthly,NETHERLANDMONSUPM2,2015-01-11T11:07:00
Netherlands,Money Supply M2,1984-10-31T00:00:00,114529,Monthly,NETHERLANDMONSUPM2,2015-01-11T11:07:00
Netherlands,Money Supply M2,1984-11-30T00:00:00,116793,Monthly,NETHERLANDMONSUPM2,2015-01-11T11:07:00
Netherlands,Money Supply M2,1984-12-31T00:00:00,115385,Monthly,NETHERLANDMONSUPM2,2015-01-11T11:07:00
Netherlands,Money Supply M2,1985-01-31T00:00:00,116084,Monthly,NETHERLANDMONSUPM2,2015-01-11T11:07:00
Netherlands,Money Supply M2,1985-02-28T00:00:00,119933,Monthly,NETHERLANDMONSUPM2,2015-01-11T11:07:00
Netherlands,Money Supply M2,1985-03-29T00:00:00,122777,Monthly,NETHERLANDMONSUPM2,2015-01-11T11:07:00
Netherlands,Money Supply M2,1985-04-30T00:00:00,124850,Monthly,NETHERLANDMONSUPM2,2015-01-11T11:07:00
Netherlands,Money Supply M2,1985-05-31T00:00:00,125775,Monthly,NETHERLANDMONSUPM2,2015-01-11T11:07:00
Netherlands,Money Supply M2,1985-06-30T00:00:00,125440,Monthly,NETHERLANDMONSUPM2,2015-01-11T11:07:00
Netherlands,Money Supply M2,1985-07-31T00:00:00,124173,Monthly,NETHERLANDMONSUPM2,2015-01-11T11:07:00
Netherlands,Money Supply M2,1985-08-30T00:00:00,123808,Monthly,NETHERLANDMONSUPM2,2015-01-11T11:07:00
Netherlands,Money Supply M2,1985-09-30T00:00:00,124383,Monthly,NETHERLANDMONSUPM2,2015-01-11T11:07:00
Netherlands,Money Supply M2,1985-10-31T00:00:00,124651,Monthly,NETHERLANDMONSUPM2,2015-01-11T11:07:00
Netherlands,Money Supply M2,1985-11-29T00:00:00,126088,Monthly,NETHERLANDMONSUPM2,2015-01-11T11:07:00
Netherlands,Money Supply M2,1985-12-31T00:00:00,125877,Monthly,NETHERLANDMONSUPM2,2015-01-11T11:07:00
Netherlands,Money Supply M2,1986-01-31T00:00:00,126752,Monthly,NETHERLANDMONSUPM2,2015-01-11T11:07:00
Netherlands,Money Supply M2,1986-02-28T00:00:00,127516,Monthly,NETHERLANDMONSUPM2,2015-01-11T11:07:00
Netherlands,Money Supply M2,1986-03-31T00:00:00,129951,Monthly,NETHERLANDMONSUPM2,2015-01-11T11:07:00
Netherlands,Money Supply M2,1986-04-30T00:00:00,130966,Monthly,NETHERLANDMONSUPM2,2015-01-11T11:07:00
Netherlands,Money Supply M2,1986-05-30T00:00:00,134070,Monthly,NETHERLANDMONSUPM2,2015-01-11T11:07:00
Netherlands,Money Supply M2,1986-06-30T00:00:00,134364,Monthly,NETHERLANDMONSUPM2,2015-01-11T11:07:00
Netherlands,Money Supply M2,1986-07-31T00:00:00,133645,Monthly,NETHERLANDMONSUPM2,2015-01-11T11:07:00
Netherlands,Money Supply M2,1986-08-29T00:00:00,132774,Monthly,NETHERLANDMONSUPM2,2015-01-11T11:07:00
Netherlands,Money Supply M2,1986-09-30T00:00:00,132834,Monthly,NETHERLANDMONSUPM2,2015-01-11T11:07:00
Netherlands,Money Supply M2,1986-10-31T00:00:00,134725,Monthly,NETHERLANDMONSUPM2,2015-01-11T11:07:00
Netherlands,Money Supply M2,1986-11-30T00:00:00,134332,Monthly,NETHERLANDMONSUPM2,2015-01-11T11:07:00
Netherlands,Money Supply M2,1986-12-31T00:00:00,134507,Monthly,NETHERLANDMONSUPM2,2015-01-11T11:07:00
Netherlands,Money Supply M2,1987-01-30T00:00:00,134608,Monthly,NETHERLANDMONSUPM2,2015-01-11T11:07:00
Netherlands,Money Supply M2,1987-02-28T00:00:00,135090,Monthly,NETHERLANDMONSUPM2,2015-01-11T11:07:00
Netherlands,Money Supply M2,1987-03-31T00:00:00,136488,Monthly,NETHERLANDMONSUPM2,2015-01-11T11:07:00
Netherlands,Money Supply M2,1987-04-30T00:00:00,138369,Monthly,NETHERLANDMONSUPM2,2015-01-11T11:07:00
Netherlands,Money Supply M2,1987-05-29T00:00:00,140858,Monthly,NETHERLANDMONSUPM2,2015-01-11T11:07:00
Netherlands,Money Supply M2,1987-06-30T00:00:00,141071,Monthly,NETHERLANDMONSUPM2,2015-01-11T11:07:00
Netherlands,Money Supply M2,1987-07-31T00:00:00,140716,Monthly,NETHERLANDMONSUPM2,2015-01-11T11:07:00
Netherlands,Money Supply M2,1987-08-31T00:00:00,138950,Monthly,NETHERLANDMONSUPM2,2015-01-11T11:07:00
Netherlands,Money Supply M2,1987-09-30T00:00:00,139319,Monthly,NETHERLANDMONSUPM2,2015-01-11T11:07:00
Netherlands,Money Supply M2,1987-10-30T00:00:00,140127,Monthly,NETHERLANDMONSUPM2,2015-01-11T11:07:00
Netherlands,Money Supply M2,1987-11-30T00:00:00,140300,Monthly,NETHERLANDMONSUPM2,2015-01-11T11:07:00
Netherlands,Money Supply M2,1987-12-31T00:00:00,140217,Monthly,NETHERLANDMONSUPM2,2015-01-11T11:07:00
Netherlands,Money Supply M2,1988-01-29T00:00:00,140983,Monthly,NETHERLANDMONSUPM2,2015-01-11T11:07:00
Netherlands,Money Supply M2,1988-02-29T00:00:00,141352,Monthly,NETHERLANDMONSUPM2,2015-01-11T11:07:00
Netherlands,Money Supply M2,1988-03-31T00:00:00,142692,Monthly,NETHERLANDMONSUPM2,2015-01-11T11:07:00
Netherlands,Money Supply M2,1988-04-29T00:00:00,144713,Monthly,NETHERLANDMONSUPM2,2015-01-11T11:07:00
Netherlands,Money Supply M2,1988-05-31T00:00:00,147705,Monthly,NETHERLANDMONSUPM2,2015-01-11T11:07:00
Netherlands,Money Supply M2,1988-06-30T00:00:00,147750,Monthly,NETHERLANDMONSUPM2,2015-01-11T11:07:00
Netherlands,Money Supply M2,1988-07-29T00:00:00,147504,Monthly,NETHERLANDMONSUPM2,2015-01-11T11:07:00
Netherlands,Money Supply M2,1988-08-31T00:00:00,147262,Monthly,NETHERLANDMONSUPM2,2015-01-11T11:07:00
Netherlands,Money Supply M2,1988-09-30T00:00:00,147132,Monthly,NETHERLANDMONSUPM2,2015-01-11T11:07:00
Netherlands,Money Supply M2,1988-10-31T00:00:00,148229,Monthly,NETHERLANDMONSUPM2,2015-01-11T11:07:00
Netherlands,Money Supply M2,1988-11-30T00:00:00,149173,Monthly,NETHERLANDMONSUPM2,2015-01-11T11:07:00
Netherlands,Money Supply M2,1988-12-30T00:00:00,150253,Monthly,NETHERLANDMONSUPM2,2015-01-11T11:07:00
Netherlands,Money Supply M2,1989-01-31T00:00:00,151989,Monthly,NETHERLANDMONSUPM2,2015-01-11T11:07:00
Netherlands,Money Supply M2,1989-02-28T00:00:00,153424,Monthly,NETHERLANDMONSUPM2,2015-01-11T11:07:00
Netherlands,Money Supply M2,1989-03-31T00:00:00,154331,Monthly,NETHERLANDMONSUPM2,2015-01-11T11:07:00
Netherlands,Money Supply M2,1989-04-30T00:00:00,156619,Monthly,NETHERLANDMONSUPM2,2015-01-11T11:07:00
Netherlands,Money Supply M2,1989-05-31T00:00:00,160916,Monthly,NETHERLANDMONSUPM2,2015-01-11T11:07:00
Netherlands,Money Supply M2,1989-06-30T00:00:00,162205,Monthly,NETHERLANDMONSUPM2,2015-01-11T11:07:00
Netherlands,Money Supply M2,1989-07-31T00:00:00,161475,Monthly,NETHERLANDMONSUPM2,2015-01-11T11:07:00
Netherlands,Money Supply M2,1989-08-31T00:00:00,162142,Monthly,NETHERLANDMONSUPM2,2015-01-11T11:07:00
Netherlands,Money Supply M2,1989-09-29T00:00:00,164150,Monthly,NETHERLANDMONSUPM2,2015-01-11T11:07:00
Netherlands,Money Supply M2,1989-10-31T00:00:00,165331,Monthly,NETHERLANDMONSUPM2,2015-01-11T11:07:00
Netherlands,Money Supply M2,1989-11-30T00:00:00,165835,Monthly,NETHERLANDMONSUPM2,2015-01-11T11:07:00
Netherlands,Money Supply M2,1989-12-29T00:00:00,167513,Monthly,NETHERLANDMONSUPM2,2015-01-11T11:07:00
Netherlands,Money Supply M2,1990-01-31T00:00:00,168460,Monthly,NETHERLANDMONSUPM2,2015-01-11T11:07:00
Netherlands,Money Supply M2,1990-02-28T00:00:00,169990,Monthly,NETHERLANDMONSUPM2,2015-01-11T11:07:00
Netherlands,Money Supply M2,1990-03-30T00:00:00,174278,Monthly,NETHERLANDMONSUPM2,2015-01-11T11:07:00
Netherlands,Money Supply M2,1990-04-30T00:00:00,177219,Monthly,NETHERLANDMONSUPM2,2015-01-11T11:07:00
Netherlands,Money Supply M2,1990-05-31T00:00:00,178532,Monthly,NETHERLANDMONSUPM2,2015-01-11T11:07:00
Netherlands,Money Supply M2,1990-06-29T00:00:00,180245,Monthly,NETHERLANDMONSUPM2,2015-01-11T11:07:00
Netherlands,Money Supply M2,1990-07-31T00:00:00,178117,Monthly,NETHERLANDMONSUPM2,2015-01-11T11:07:00
Netherlands,Money Supply M2,1990-08-31T00:00:00,178899,Monthly,NETHERLANDMONSUPM2,2015-01-11T11:07:00
Netherlands,Money Supply M2,1990-09-30T00:00:00,181993,Monthly,NETHERLANDMONSUPM2,2015-01-11T11:07:00
Netherlands,Money Supply M2,1990-10-31T00:00:00,182076,Monthly,NETHERLANDMONSUPM2,2015-01-11T11:07:00
Netherlands,Money Supply M2,1990-11-30T00:00:00,183582,Monthly,NETHERLANDMONSUPM2,2015-01-11T11:07:00
Netherlands,Money Supply M2,1990-12-31T00:00:00,183996,Monthly,NETHERLANDMONSUPM2,2015-01-11T11:07:00
Netherlands,Money Supply M2,1991-01-31T00:00:00,184542,Monthly,NETHERLANDMONSUPM2,2015-01-11T11:07:00
Netherlands,Money Supply M2,1991-02-28T00:00:00,185331,Monthly,NETHERLANDMONSUPM2,2015-01-11T11:07:00
Netherlands,Money Supply M2,1991-03-29T00:00:00,186806,Monthly,NETHERLANDMONSUPM2,2015-01-11T11:07:00
Netherlands,Money Supply M2,1991-04-30T00:00:00,188912,Monthly,NETHERLANDMONSUPM2,2015-01-11T11:07:00
Netherlands,Money Supply M2,1991-05-31T00:00:00,191440,Monthly,NETHERLANDMONSUPM2,2015-01-11T11:07:00
Netherlands,Money Supply M2,1991-06-30T00:00:00,190297,Monthly,NETHERLANDMONSUPM2,2015-01-11T11:07:00
Netherlands,Money Supply M2,1991-07-31T00:00:00,188555,Monthly,NETHERLANDMONSUPM2,2015-01-11T11:07:00
Netherlands,Money Supply M2,1991-08-30T00:00:00,190512,Monthly,NETHERLANDMONSUPM2,2015-01-11T11:07:00
Netherlands,Money Supply M2,1991-09-30T00:00:00,189142,Monthly,NETHERLANDMONSUPM2,2015-01-11T11:07:00
Netherlands,Money Supply M2,1991-10-31T00:00:00,190460,Monthly,NETHERLANDMONSUPM2,2015-01-11T11:07:00
Netherlands,Money Supply M2,1991-11-29T00:00:00,191822,Monthly,NETHERLANDMONSUPM2,2015-01-11T11:07:00
Netherlands,Money Supply M2,1991-12-31T00:00:00,193895,Monthly,NETHERLANDMONSUPM2,2015-01-11T11:07:00
Netherlands,Money Supply M2,1992-01-31T00:00:00,195597,Monthly,NETHERLANDMONSUPM2,2015-01-11T11:07:00
Netherlands,Money Supply M2,1992-02-29T00:00:00,196411,Monthly,NETHERLANDMONSUPM2,2015-01-11T11:07:00
Netherlands,Money Supply M2,1992-03-31T00:00:00,196891,Monthly,NETHERLANDMONSUPM2,2015-01-11T11:07:00
Netherlands,Money Supply M2,1992-04-30T00:00:00,200023,Monthly,NETHERLANDMONSUPM2,2015-01-11T11:07:00
Netherlands,Money Supply M2,1992-05-29T00:00:00,203481,Monthly,NETHERLANDMONSUPM2,2015-01-11T11:07:00
Netherlands,Money Supply M2,1992-06-30T00:00:00,201877,Monthly,NETHERLANDMONSUPM2,2015-01-11T11:07:00
Netherlands,Money Supply M2,1992-07-31T00:00:00,201636,Monthly,NETHERLANDMONSUPM2,2015-01-11T11:07:00
Netherlands,Money Supply M2,1992-08-31T00:00:00,202686,Monthly,NETHERLANDMONSUPM2,2015-01-11T11:07:00
Netherlands,Money Supply M2,1992-09-30T00:00:00,205266,Monthly,NETHERLANDMONSUPM2,2015-01-11T11:07:00
Netherlands,Money Supply M2,1992-10-30T00:00:00,205274,Monthly,NETHERLANDMONSUPM2,2015-01-11T11:07:00
Netherlands,Money Supply M2,1992-11-30T00:00:00,207325,Monthly,NETHERLANDMONSUPM2,2015-01-11T11:07:00
Netherlands,Money Supply M2,1992-12-31T00:00:00,207006,Monthly,NETHERLANDMONSUPM2,2015-01-11T11:07:00
Netherlands,Money Supply M2,1993-01-29T00:00:00,208044,Monthly,NETHERLANDMONSUPM2,2015-01-11T11:07:00
Netherlands,Money Supply M2,1993-02-28T00:00:00,209825,Monthly,NETHERLANDMONSUPM2,2015-01-11T11:07:00
Netherlands,Money Supply M2,1993-03-31T00:00:00,212027,Monthly,NETHERLANDMONSUPM2,2015-01-11T11:07:00
Netherlands,Money Supply M2,1993-04-30T00:00:00,213875,Monthly,NETHERLANDMONSUPM2,2015-01-11T11:07:00
Netherlands,Money Supply M2,1993-05-31T00:00:00,219099,Monthly,NETHERLANDMONSUPM2,2015-01-11T11:07:00
Netherlands,Money Supply M2,1993-06-30T00:00:00,217063,Monthly,NETHERLANDMONSUPM2,2015-01-11T11:07:00
Netherlands,Money Supply M2,1993-07-30T00:00:00,216879,Monthly,NETHERLANDMONSUPM2,2015-01-11T11:07:00
Netherlands,Money Supply M2,1993-08-31T00:00:00,216262,Monthly,NETHERLANDMONSUPM2,2015-01-11T11:07:00
Netherlands,Money Supply M2,1993-09-30T00:00:00,215589,Monthly,NETHERLANDMONSUPM2,2015-01-11T11:07:00
Netherlands,Money Supply M2,1993-10-29T00:00:00,217543,Monthly,NETHERLANDMONSUPM2,2015-01-11T11:07:00
Netherlands,Money Supply M2,1993-11-30T00:00:00,217892,Monthly,NETHERLANDMONSUPM2,2015-01-11T11:07:00
Netherlands,Money Supply M2,1993-12-31T00:00:00,221756,Monthly,NETHERLANDMONSUPM2,2015-01-11T11:07:00
Netherlands,Money Supply M2,1994-01-31T00:00:00,221615,Monthly,NETHERLANDMONSUPM2,2015-01-11T11:07:00
Netherlands,Money Supply M2,1994-02-28T00:00:00,223076,Monthly,NETHERLANDMONSUPM2,2015-01-11T11:07:00
Netherlands,Money Supply M2,1994-03-31T00:00:00,226096,Monthly,NETHERLANDMONSUPM2,2015-01-11T11:07:00
Netherlands,Money Supply M2,1994-04-29T00:00:00,226374,Monthly,NETHERLANDMONSUPM2,2015-01-11T11:07:00
Netherlands,Money Supply M2,1994-05-31T00:00:00,229878,Monthly,NETHERLANDMONSUPM2,2015-01-11T11:07:00
Netherlands,Money Supply M2,1994-06-30T00:00:00,226639,Monthly,NETHERLANDMONSUPM2,2015-01-11T11:07:00
Netherlands,Money Supply M2,1994-07-29T00:00:00,226488,Monthly,NETHERLANDMONSUPM2,2015-01-11T11:07:00
Netherlands,Money Supply M2,1994-08-31T00:00:00,224986,Monthly,NETHERLANDMONSUPM2,2015-01-11T11:07:00
Netherlands,Money Supply M2,1994-09-30T00:00:00,225718,Monthly,NETHERLANDMONSUPM2,2015-01-11T11:07:00
Netherlands,Money Supply M2,1994-10-31T00:00:00,224021,Monthly,NETHERLANDMONSUPM2,2015-01-11T11:07:00
Netherlands,Money Supply M2,1994-11-30T00:00:00,224677,Monthly,NETHERLANDMONSUPM2,2015-01-11T11:07:00
Netherlands,Money Supply M2,1994-12-30T00:00:00,222041,Monthly,NETHERLANDMONSUPM2,2015-01-11T11:07:00
Netherlands,Money Supply M2,1995-01-31T00:00:00,222044,Monthly,NETHERLANDMONSUPM2,2015-01-11T11:07:00
Netherlands,Money Supply M2,1995-02-28T00:00:00,224541,Monthly,NETHERLANDMONSUPM2,2015-01-11T11:07:00
Netherlands,Money Supply M2,1995-03-31T00:00:00,222365,Monthly,NETHERLANDMONSUPM2,2015-01-11T11:07:00
Netherlands,Money Supply M2,1995-04-30T00:00:00,222336,Monthly,NETHERLANDMONSUPM2,2015-01-11T11:07:00
Netherlands,Money Supply M2,1995-05-31T00:00:00,226987,Monthly,NETHERLANDMONSUPM2,2015-01-11T11:07:00
Netherlands,Money Supply M2,1995-06-30T00:00:00,225044,Monthly,NETHERLANDMONSUPM2,2015-01-11T11:07:00
Netherlands,Money Supply M2,1995-07-31T00:00:00,225248,Monthly,NETHERLANDMONSUPM2,2015-01-11T11:07:00
Netherlands,Money Supply M2,1995-08-31T00:00:00,226318,Monthly,NETHERLANDMONSUPM2,2015-01-11T11:07:00
Netherlands,Money Supply M2,1995-09-29T00:00:00,225834,Monthly,NETHERLANDMONSUPM2,2015-01-11T11:07:00
Netherlands,Money Supply M2,1995-10-31T00:00:00,229422,Monthly,NETHERLANDMONSUPM2,2015-01-11T11:07:00
Netherlands,Money Supply M2,1995-11-30T00:00:00,231229,Monthly,NETHERLANDMONSUPM2,2015-01-11T11:07:00
Netherlands,Money Supply M2,1995-12-29T00:00:00,233187,Monthly,NETHERLANDMONSUPM2,2015-01-11T11:07:00
Netherlands,Money Supply M2,1996-01-31T00:00:00,234993,Monthly,NETHERLANDMONSUPM2,2015-01-11T11:07:00
Netherlands,Money Supply M2,1996-02-29T00:00:00,236458,Monthly,NETHERLANDMONSUPM2,2015-01-11T11:07:00
Netherlands,Money Supply M2,1996-03-29T00:00:00,237628,Monthly,NETHERLANDMONSUPM2,2015-01-11T11:07:00
Netherlands,Money Supply M2,1996-04-30T00:00:00,240005,Monthly,NETHERLANDMONSUPM2,2015-01-11T11:07:00
Netherlands,Money Supply M2,1996-05-31T00:00:00,244707,Monthly,NETHERLANDMONSUPM2,2015-01-11T11:07:00
Netherlands,Money Supply M2,1996-06-30T00:00:00,245009,Monthly,NETHERLANDMONSUPM2,2015-01-11T11:07:00
Netherlands,Money Supply M2,1996-07-31T00:00:00,245489,Monthly,NETHERLANDMONSUPM2,2015-01-11T11:07:00
Netherlands,Money Supply M2,1996-08-30T00:00:00,244802,Monthly,NETHERLANDMONSUPM2,2015-01-11T11:07:00
Netherlands,Money Supply M2,1996-09-30T00:00:00,244980,Monthly,NETHERLANDMONSUPM2,2015-01-11T11:07:00
Netherlands,Money Supply M2,1996-10-31T00:00:00,244694,Monthly,NETHERLANDMONSUPM2,2015-01-11T11:07:00
Netherlands,Money Supply M2,1996-11-29T00:00:00,245947,Monthly,NETHERLANDMONSUPM2,2015-01-11T11:07:00
Netherlands,Money Supply M2,1996-12-31T00:00:00,245957,Monthly,NETHERLANDMONSUPM2,2015-01-11T11:07:00
Netherlands,Money Supply M2,1997-01-31T00:00:00,251047,Monthly,NETHERLANDMONSUPM2,2015-01-11T11:07:00
Netherlands,Money Supply M2,1997-02-28T00:00:00,252738,Monthly,NETHERLANDMONSUPM2,2015-01-11T11:07:00
Netherlands,Money Supply M2,1997-03-31T00:00:00,253121,Monthly,NETHERLANDMONSUPM2,2015-01-11T11:07:00
Netherlands,Money Supply M2,1997-04-30T00:00:00,255606,Monthly,NETHERLANDMONSUPM2,2015-01-11T11:07:00
Netherlands,Money Supply M2,1997-05-30T00:00:00,259978,Monthly,NETHERLANDMONSUPM2,2015-01-11T11:07:00
Netherlands,Money Supply M2,1997-06-30T00:00:00,257942,Monthly,NETHERLANDMONSUPM2,2015-01-11T11:07:00
Netherlands,Money Supply M2,1997-07-31T00:00:00,260963,Monthly,NETHERLANDMONSUPM2,2015-01-11T11:07:00
Netherlands,Money Supply M2,1997-08-29T00:00:00,260873,Monthly,NETHERLANDMONSUPM2,2015-01-11T11:07:00
Netherlands,Money Supply M2,1997-09-30T00:00:00,260088,Monthly,NETHERLANDMONSUPM2,2015-01-11T11:07:00
Netherlands,Money Supply M2,1997-10-31T00:00:00,260299,Monthly,NETHERLANDMONSUPM2,2015-01-11T11:07:00
Netherlands,Money Supply M2,1997-11-30T00:00:00,261876,Monthly,NETHERLANDMONSUPM2,2015-01-11T11:07:00
Netherlands,Money Supply M2,1997-12-31T00:00:00,260708,Monthly,NETHERLANDMONSUPM2,2015-01-11T11:07:00
Netherlands,Money Supply M2,1998-01-30T00:00:00,270765,Monthly,NETHERLANDMONSUPM2,2015-01-11T11:07:00
Netherlands,Money Supply M2,1998-02-28T00:00:00,274228,Monthly,NETHERLANDMONSUPM2,2015-01-11T11:07:00
Netherlands,Money Supply M2,1998-03-31T00:00:00,275128,Monthly,NETHERLANDMONSUPM2,2015-01-11T11:07:00
Netherlands,Money Supply M2,1998-04-30T00:00:00,279253,Monthly,NETHERLANDMONSUPM2,2015-01-11T11:07:00
Netherlands,Money Supply M2,1998-05-29T00:00:00,287715,Monthly,NETHERLANDMONSUPM2,2015-01-11T11:07:00
Netherlands,Money Supply M2,1998-06-30T00:00:00,287972,Monthly,NETHERLANDMONSUPM2,2015-01-11T11:07:00
Netherlands,Money Supply M2,1998-07-31T00:00:00,288779,Monthly,NETHERLANDMONSUPM2,2015-01-11T11:07:00
Netherlands,Money Supply M2,1998-08-31T00:00:00,288251,Monthly,NETHERLANDMONSUPM2,2015-01-11T11:07:00
Netherlands,Money Supply M2,1998-09-30T00:00:00,291336,Monthly,NETHERLANDMONSUPM2,2015-01-11T11:07:00
Netherlands,Money Supply M2,1998-10-30T00:00:00,291215,Monthly,NETHERLANDMONSUPM2,2015-01-11T11:07:00
Netherlands,Money Supply M2,1998-11-30T00:00:00,290443,Monthly,NETHERLANDMONSUPM2,2015-01-11T11:07:00
Netherlands,Money Supply M2,1998-12-31T00:00:00,296460,Monthly,NETHERLANDMONSUPM2,2015-01-11T11:07:00
Netherlands,Money Supply M2,1999-01-29T00:00:00,304351,Monthly,NETHERLANDMONSUPM2,2015-01-11T11:07:00
Netherlands,Money Supply M2,1999-02-28T00:00:00,298556,Monthly,NETHERLANDMONSUPM2,2015-01-11T11:07:00
Netherlands,Money Supply M2,1999-03-31T00:00:00,304658,Monthly,NETHERLANDMONSUPM2,2015-01-11T11:07:00
Netherlands,Money Supply M2,1999-04-30T00:00:00,311903,Monthly,NETHERLANDMONSUPM2,2015-01-11T11:07:00
Netherlands,Money Supply M2,1999-05-31T00:00:00,320956,Monthly,NETHERLANDMONSUPM2,2015-01-11T11:07:00
Netherlands,Money Supply M2,1999-06-30T00:00:00,314347,Monthly,NETHERLANDMONSUPM2,2015-01-11T11:07:00
Netherlands,Money Supply M2,1999-07-30T00:00:00,319206,Monthly,NETHERLANDMONSUPM2,2015-01-11T11:07:00
Netherlands,Money Supply M2,1999-08-31T00:00:00,321733,Monthly,NETHERLANDMONSUPM2,2015-01-11T11:07:00
Netherlands,Money Supply M2,1999-09-30T00:00:00,320497,Monthly,NETHERLANDMONSUPM2,2015-01-11T11:07:00
Netherlands,Money Supply M2,1999-10-29T00:00:00,319746,Monthly,NETHERLANDMONSUPM2,2015-01-11T11:07:00
Netherlands,Money Supply M2,1999-11-30T00:00:00,323316,Monthly,NETHERLANDMONSUPM2,2015-01-11T11:07:00
Netherlands,Money Supply M2,1999-12-31T00:00:00,320009,Monthly,NETHERLANDMONSUPM2,2015-01-11T11:07:00
Netherlands,Money Supply M2,2000-01-31T00:00:00,327683,Monthly,NETHERLANDMONSUPM2,2015-01-11T11:07:00
Netherlands,Money Supply M2,2000-02-29T00:00:00,332334,Monthly,NETHERLANDMONSUPM2,2015-01-11T11:07:00
Netherlands,Money Supply M2,2000-03-31T00:00:00,334866,Monthly,NETHERLANDMONSUPM2,2015-01-11T11:07:00
Netherlands,Money Supply M2,2000-04-30T00:00:00,336160,Monthly,NETHERLANDMONSUPM2,2015-01-11T11:07:00
Netherlands,Money Supply M2,2000-05-31T00:00:00,343288,Monthly,NETHERLANDMONSUPM2,2015-01-11T11:07:00
Netherlands,Money Supply M2,2000-06-30T00:00:00,336905,Monthly,NETHERLANDMONSUPM2,2015-01-11T11:07:00
Netherlands,Money Supply M2,2000-07-31T00:00:00,340181,Monthly,NETHERLANDMONSUPM2,2015-01-11T11:07:00
Netherlands,Money Supply M2,2000-08-31T00:00:00,343547,Monthly,NETHERLANDMONSUPM2,2015-01-11T11:07:00
Netherlands,Money Supply M2,2000-09-29T00:00:00,344261,Monthly,NETHERLANDMONSUPM2,2015-01-11T11:07:00
Netherlands,Money Supply M2,2000-10-31T00:00:00,346393,Monthly,NETHERLANDMONSUPM2,2015-01-11T11:07:00
Netherlands,Money Supply M2,2000-11-30T00:00:00,359217,Monthly,NETHERLANDMONSUPM2,2015-01-11T11:07:00
Netherlands,Money Supply M2,2000-12-29T00:00:00,353055,Monthly,NETHERLANDMONSUPM2,2015-01-11T11:07:00
Netherlands,Money Supply M2,2001-01-31T00:00:00,356681,Monthly,NETHERLANDMONSUPM2,2015-01-11T11:07:00
Netherlands,Money Supply M2,2001-02-28T00:00:00,356085,Monthly,NETHERLANDMONSUPM2,2015-01-11T11:07:00
Netherlands,Money Supply M2,2001-03-30T00:00:00,358304,Monthly,NETHERLANDMONSUPM2,2015-01-11T11:07:00
Netherlands,Money Supply M2,2001-04-30T00:00:00,366402,Monthly,NETHERLANDMONSUPM2,2015-01-11T11:07:00
Netherlands,Money Supply M2,2001-05-31T00:00:00,372489,Monthly,NETHERLANDMONSUPM2,2015-01-11T11:07:00
Netherlands,Money Supply M2,2001-06-29T00:00:00,370278,Monthly,NETHERLANDMONSUPM2,2015-01-11T11:07:00
Netherlands,Money Supply M2,2001-07-31T00:00:00,366058,Monthly,NETHERLANDMONSUPM2,2015-01-11T11:07:00
Netherlands,Money Supply M2,2001-08-31T00:00:00,368914,Monthly,NETHERLANDMONSUPM2,2015-01-11T11:07:00
Netherlands,Money Supply M2,2001-09-30T00:00:00,369854,Monthly,NETHERLANDMONSUPM2,2015-01-11T11:07:00
Netherlands,Money Supply M2,2001-10-31T00:00:00,371664,Monthly,NETHERLANDMONSUPM2,2015-01-11T11:07:00
Netherlands,Money Supply M2,2001-11-30T00:00:00,386190,Monthly,NETHERLANDMONSUPM2,2015-01-11T11:07:00
Netherlands,Money Supply M2,2001-12-31T00:00:00,391641,Monthly,NETHERLANDMONSUPM2,2015-01-11T11:07:00
Netherlands,Money Supply M2,2002-01-31T00:00:00,402649,Monthly,NETHERLANDMONSUPM2,2015-01-11T11:07:00
Netherlands,Money Supply M2,2002-02-28T00:00:00,400902,Monthly,NETHERLANDMONSUPM2,2015-01-11T11:07:00
Netherlands,Money Supply M2,2002-03-29T00:00:00,401306,Monthly,NETHERLANDMONSUPM2,2015-01-11T11:07:00
Netherlands,Money Supply M2,2002-04-30T00:00:00,400708,Monthly,NETHERLANDMONSUPM2,2015-01-11T11:07:00
Netherlands,Money Supply M2,2002-05-31T00:00:00,409672,Monthly,NETHERLANDMONSUPM2,2015-01-11T11:07:00
Netherlands,Money Supply M2,2002-06-30T00:00:00,408184,Monthly,NETHERLANDMONSUPM2,2015-01-11T11:07:00
Netherlands,Money Supply M2,2002-07-31T00:00:00,405721,Monthly,NETHERLANDMONSUPM2,2015-01-11T11:07:00
Netherlands,Money Supply M2,2002-08-30T00:00:00,403697,Monthly,NETHERLANDMONSUPM2,2015-01-11T11:07:00
Netherlands,Money Supply M2,2002-09-30T00:00:00,407924,Monthly,NETHERLANDMONSUPM2,2015-01-11T11:07:00
Netherlands,Money Supply M2,2002-10-31T00:00:00,408703,Monthly,NETHERLANDMONSUPM2,2015-01-11T11:07:00
Netherlands,Money Supply M2,2002-11-29T00:00:00,412786,Monthly,NETHERLANDMONSUPM2,2015-01-11T11:07:00
Netherlands,Money Supply M2,2002-12-31T00:00:00,413963,Monthly,NETHERLANDMONSUPM2,2015-01-11T11:07:00
Netherlands,Money Supply M2,2003-01-31T00:00:00,420867,Monthly,NETHERLANDMONSUPM2,2015-01-11T11:07:00
Netherlands,Money Supply M2,2003-02-28T00:00:00,427313,Monthly,NETHERLANDMONSUPM2,2015-01-11T11:07:00
Netherlands,Money Supply M2,2003-03-31T00:00:00,438781,Monthly,NETHERLANDMONSUPM2,2015-01-11T11:07:00
Netherlands,Money Supply M2,2003-04-30T00:00:00,439948,Monthly,NETHERLANDMONSUPM2,2015-01-11T11:07:00
Netherlands,Money Supply M2,2003-05-30T00:00:00,449293,Monthly,NETHERLANDMONSUPM2,2015-01-11T11:07:00
Netherlands,Money Supply M2,2003-06-30T00:00:00,445075,Monthly,NETHERLANDMONSUPM2,2015-01-11T11:07:00
Netherlands,Money Supply M2,2003-07-31T00:00:00,446634,Monthly,NETHERLANDMONSUPM2,2015-01-11T11:07:00
Netherlands,Money Supply M2,2003-08-29T00:00:00,449145,Monthly,NETHERLANDMONSUPM2,2015-01-11T11:07:00
Netherlands,Money Supply M2,2003-09-30T00:00:00,446786,Monthly,NETHERLANDMONSUPM2,2015-01-11T11:07:00
Netherlands,Money Supply M2,2003-10-31T00:00:00,451478,Monthly,NETHERLANDMONSUPM2,2015-01-11T11:07:00
Netherlands,Money Supply M2,2003-11-30T00:00:00,453614,Monthly,NETHERLANDMONSUPM2,2015-01-11T11:07:00
Netherlands,Money Supply M2,2003-12-31T00:00:00,452499,Monthly,NETHERLANDMONSUPM2,2015-01-11T11:07:00
Netherlands,Money Supply M2,2004-01-30T00:00:00,459880,Monthly,NETHERLANDMONSUPM2,2015-01-11T11:07:00
Netherlands,Money Supply M2,2004-02-29T00:00:00,459250,Monthly,NETHERLANDMONSUPM2,2015-01-11T11:07:00
Netherlands,Money Supply M2,2004-03-31T00:00:00,456436,Monthly,NETHERLANDMONSUPM2,2015-01-11T11:07:00
Netherlands,Money Supply M2,2004-04-30T00:00:00,458432,Monthly,NETHERLANDMONSUPM2,2015-01-11T11:07:00
Netherlands,Money Supply M2,2004-05-31T00:00:00,469174,Monthly,NETHERLANDMONSUPM2,2015-01-11T11:07:00
Netherlands,Money Supply M2,2004-06-30T00:00:00,468409,Monthly,NETHERLANDMONSUPM2,2015-01-11T11:07:00
Netherlands,Money Supply M2,2004-07-30T00:00:00,467049,Monthly,NETHERLANDMONSUPM2,2015-01-11T11:07:00
Netherlands,Money Supply M2,2004-08-31T00:00:00,466414,Monthly,NETHERLANDMONSUPM2,2015-01-11T11:07:00
Netherlands,Money Supply M2,2004-09-30T00:00:00,466963,Monthly,NETHERLANDMONSUPM2,2015-01-11T11:07:00
Netherlands,Money Supply M2,2004-10-29T00:00:00,470098,Monthly,NETHERLANDMONSUPM2,2015-01-11T11:07:00
Netherlands,Money Supply M2,2004-11-30T00:00:00,477445,Monthly,NETHERLANDMONSUPM2,2015-01-11T11:07:00
Netherlands,Money Supply M2,2004-12-31T00:00:00,479590,Monthly,NETHERLANDMONSUPM2,2015-01-11T11:07:00
Netherlands,Money Supply M2,2005-01-31T00:00:00,475196,Monthly,NETHERLANDMONSUPM2,2015-01-11T11:07:00
Netherlands,Money Supply M2,2005-02-28T00:00:00,474751,Monthly,NETHERLANDMONSUPM2,2015-01-11T11:07:00
Netherlands,Money Supply M2,2005-03-31T00:00:00,478169,Monthly,NETHERLANDMONSUPM2,2015-01-11T11:07:00
Netherlands,Money Supply M2,2005-04-29T00:00:00,478284,Monthly,NETHERLANDMONSUPM2,2015-01-11T11:07:00
Netherlands,Money Supply M2,2005-05-31T00:00:00,490630,Monthly,NETHERLANDMONSUPM2,2015-01-11T11:07:00
Netherlands,Money Supply M2,2005-06-30T00:00:00,495190,Monthly,NETHERLANDMONSUPM2,2015-01-11T11:07:00
Netherlands,Money Supply M2,2005-07-29T00:00:00,504642,Monthly,NETHERLANDMONSUPM2,2015-01-11T11:07:00
Netherlands,Money Supply M2,2005-08-31T00:00:00,501940,Monthly,NETHERLANDMONSUPM2,2015-01-11T11:07:00
Netherlands,Money Supply M2,2005-09-30T00:00:00,521853,Monthly,NETHERLANDMONSUPM2,2015-01-11T11:07:00
Netherlands,Money Supply M2,2005-10-31T00:00:00,511919,Monthly,NETHERLANDMONSUPM2,2015-01-11T11:07:00
Netherlands,Money Supply M2,2005-11-30T00:00:00,518197,Monthly,NETHERLANDMONSUPM2,2015-01-11T11:07:00
Netherlands,Money Supply M2,2005-12-30T00:00:00,531805,Monthly,NETHERLANDMONSUPM2,2015-01-11T11:07:00
Netherlands,Money Supply M2,2006-01-31T00:00:00,546836,Monthly,NETHERLANDMONSUPM2,2015-01-11T11:07:00
Netherlands,Money Supply M2,2006-02-28T00:00:00,551575,Monthly,NETHERLANDMONSUPM2,2015-01-11T11:07:00
Netherlands,Money Supply M2,2006-03-31T00:00:00,553072,Monthly,NETHERLANDMONSUPM2,2015-01-11T11:07:00
Netherlands,Money Supply M2,2006-04-30T00:00:00,564494,Monthly,NETHERLANDMONSUPM2,2015-01-11T11:07:00
Netherlands,Money Supply M2,2006-05-31T00:00:00,572109,Monthly,NETHERLANDMONSUPM2,2015-01-11T11:07:00
Netherlands,Money Supply M2,2006-06-30T00:00:00,565750,Monthly,NETHERLANDMONSUPM2,2015-01-11T11:07:00
Netherlands,Money Supply M2,2006-07-31T00:00:00,561555,Monthly,NETHERLANDMONSUPM2,2015-01-11T11:07:00
Netherlands,Money Supply M2,2006-08-31T00:00:00,562492,Monthly,NETHERLANDMONSUPM2,2015-01-11T11:07:00
Netherlands,Money Supply M2,2006-09-29T00:00:00,578388,Monthly,NETHERLANDMONSUPM2,2015-01-11T11:07:00
Netherlands,Money Supply M2,2006-10-31T00:00:00,574584,Monthly,NETHERLANDMONSUPM2,2015-01-11T11:07:00
Netherlands,Money Supply M2,2006-11-30T00:00:00,589638,Monthly,NETHERLANDMONSUPM2,2015-01-11T11:07:00
Netherlands,Money Supply M2,2006-12-29T00:00:00,608749,Monthly,NETHERLANDMONSUPM2,2015-01-11T11:07:00
Netherlands,Money Supply M2,2007-01-31T00:00:00,620143,Monthly,NETHERLANDMONSUPM2,2015-01-11T11:07:00
Netherlands,Money Supply M2,2007-02-28T00:00:00,618425,Monthly,NETHERLANDMONSUPM2,2015-01-11T11:07:00
Netherlands,Money Supply M2,2007-03-30T00:00:00,642117,Monthly,NETHERLANDMONSUPM2,2015-01-11T11:07:00
Netherlands,Money Supply M2,2007-04-30T00:00:00,629832,Monthly,NETHERLANDMONSUPM2,2015-01-11T11:07:00
Netherlands,Money Supply M2,2007-05-31T00:00:00,644669,Monthly,NETHERLANDMONSUPM2,2015-01-11T11:07:00
Netherlands,Money Supply M2,2007-06-29T00:00:00,641745,Monthly,NETHERLANDMONSUPM2,2015-01-11T11:07:00
Netherlands,Money Supply M2,2007-07-31T00:00:00,650625,Monthly,NETHERLANDMONSUPM2,2015-01-11T11:07:00
Netherlands,Money Supply M2,2007-08-31T00:00:00,654574,Monthly,NETHERLANDMONSUPM2,2015-01-11T11:07:00
Netherlands,Money Supply M2,2007-09-30T00:00:00,650839,Monthly,NETHERLANDMONSUPM2,2015-01-11T11:07:00
Netherlands,Money Supply M2,2007-10-31T00:00:00,661909,Monthly,NETHERLANDMONSUPM2,2015-01-11T11:07:00
Netherlands,Money Supply M2,2007-11-30T00:00:00,656052,Monthly,NETHERLANDMONSUPM2,2015-01-11T11:07:00
Netherlands,Money Supply M2,2007-12-31T00:00:00,639174,Monthly,NETHERLANDMONSUPM2,2015-01-11T11:07:00
Netherlands,Money Supply M2,2008-01-31T00:00:00,630014,Monthly,NETHERLANDMONSUPM2,2015-01-11T11:07:00
Netherlands,Money Supply M2,2008-02-29T00:00:00,625105,Monthly,NETHERLANDMONSUPM2,2015-01-11T11:07:00
Netherlands,Money Supply M2,2008-03-31T00:00:00,637452,Monthly,NETHERLANDMONSUPM2,2015-01-11T11:07:00
Netherlands,Money Supply M2,2008-04-30T00:00:00,653866,Monthly,NETHERLANDMONSUPM2,2015-01-11T11:07:00
Netherlands,Money Supply M2,2008-05-30T00:00:00,668891,Monthly,NETHERLANDMONSUPM2,2015-01-11T11:07:00
Netherlands,Money Supply M2,2008-06-30T00:00:00,666725,Monthly,NETHERLANDMONSUPM2,2015-01-11T11:07:00
Netherlands,Money Supply M2,2008-07-31T00:00:00,663020,Monthly,NETHERLANDMONSUPM2,2015-01-11T11:07:00
Netherlands,Money Supply M2,2008-08-29T00:00:00,654182,Monthly,NETHERLANDMONSUPM2,2015-01-11T11:07:00
Netherlands,Money Supply M2,2008-09-30T00:00:00,649481,Monthly,NETHERLANDMONSUPM2,2015-01-11T11:07:00
Netherlands,Money Supply M2,2008-10-31T00:00:00,661931,Monthly,NETHERLANDMONSUPM2,2015-01-11T11:07:00
Netherlands,Money Supply M2,2008-11-30T00:00:00,663832,Monthly,NETHERLANDMONSUPM2,2015-01-11T11:07:00
Netherlands,Money Supply M2,2008-12-31T00:00:00,666721,Monthly,NETHERLANDMONSUPM2,2015-01-11T11:07:00
Netherlands,Money Supply M2,2009-01-30T00:00:00,671254,Monthly,NETHERLANDMONSUPM2,2015-01-11T11:07:00
Netherlands,Money Supply M2,2009-02-28T00:00:00,669082,Monthly,NETHERLANDMONSUPM2,2015-01-11T11:07:00
Netherlands,Money Supply M2,2009-03-31T00:00:00,671088,Monthly,NETHERLANDMONSUPM2,2015-01-11T11:07:00
Netherlands,Money Supply M2,2009-04-30T00:00:00,669840,Monthly,NETHERLANDMONSUPM2,2015-01-11T11:07:00
Netherlands,Money Supply M2,2009-05-29T00:00:00,683863,Monthly,NETHERLANDMONSUPM2,2015-01-11T11:07:00
Netherlands,Money Supply M2,2009-06-30T00:00:00,692494,Monthly,NETHERLANDMONSUPM2,2015-01-11T11:07:00
Netherlands,Money Supply M2,2009-07-31T00:00:00,683077,Monthly,NETHERLANDMONSUPM2,2015-01-11T11:07:00
Netherlands,Money Supply M2,2009-08-31T00:00:00,685772,Monthly,NETHERLANDMONSUPM2,2015-01-11T11:07:00
Netherlands,Money Supply M2,2009-09-30T00:00:00,686169,Monthly,NETHERLANDMONSUPM2,2015-01-11T11:07:00
Netherlands,Money Supply M2,2009-10-30T00:00:00,694020,Monthly,NETHERLANDMONSUPM2,2015-01-11T11:07:00
Netherlands,Money Supply M2,2009-11-30T00:00:00,682289,Monthly,NETHERLANDMONSUPM2,2015-01-11T11:07:00
Netherlands,Money Supply M2,2009-12-31T00:00:00,678308,Monthly,NETHERLANDMONSUPM2,2015-01-11T11:07:00
Netherlands,Money Supply M2,2010-01-29T00:00:00,679346,Monthly,NETHERLANDMONSUPM2,2015-01-11T11:07:00
Netherlands,Money Supply M2,2010-02-28T00:00:00,691663,Monthly,NETHERLANDMONSUPM2,2015-01-11T11:07:00
Netherlands,Money Supply M2,2010-03-31T00:00:00,690420,Monthly,NETHERLANDMONSUPM2,2015-01-11T11:07:00
Netherlands,Money Supply M2,2010-04-30T00:00:00,692815,Monthly,NETHERLANDMONSUPM2,2015-01-11T11:07:00
Netherlands,Money Supply M2,2010-05-31T00:00:00,706887,Monthly,NETHERLANDMONSUPM2,2015-01-11T11:07:00
Netherlands,Money Supply M2,2010-06-30T00:00:00,700359,Monthly,NETHERLANDMONSUPM2,2015-01-11T11:07:00
Netherlands,Money Supply M2,2010-07-30T00:00:00,712095,Monthly,NETHERLANDMONSUPM2,2015-01-11T11:07:00
Netherlands,Money Supply M2,2010-08-31T00:00:00,717657,Monthly,NETHERLANDMONSUPM2,2015-01-11T11:07:00
Netherlands,Money Supply M2,2010-09-30T00:00:00,705003,Monthly,NETHERLANDMONSUPM2,2015-01-11T11:07:00
Netherlands,Money Supply M2,2010-10-29T00:00:00,701884,Monthly,NETHERLANDMONSUPM2,2015-01-11T11:07:00
Netherlands,Money Supply M2,2010-11-30T00:00:00,703179,Monthly,NETHERLANDMONSUPM2,2015-01-11T11:07:00
Netherlands,Money Supply M2,2010-12-31T00:00:00,701718,Monthly,NETHERLANDMONSUPM2,2015-01-11T11:07:00
Netherlands,Money Supply M2,2011-01-31T00:00:00,699001,Monthly,NETHERLANDMONSUPM2,2015-01-11T11:07:00
Netherlands,Money Supply M2,2011-02-28T00:00:00,702628,Monthly,NETHERLANDMONSUPM2,2015-01-11T11:07:00
Netherlands,Money Supply M2,2011-03-31T00:00:00,697823,Monthly,NETHERLANDMONSUPM2,2015-01-11T11:07:00
Netherlands,Money Supply M2,2011-04-29T00:00:00,704854,Monthly,NETHERLANDMONSUPM2,2015-01-11T11:07:00
Netherlands,Money Supply M2,2011-05-31T00:00:00,713636,Monthly,NETHERLANDMONSUPM2,2015-01-11T11:07:00
Netherlands,Money Supply M2,2011-06-30T00:00:00,713458,Monthly,NETHERLANDMONSUPM2,2015-01-11T11:07:00
Netherlands,Money Supply M2,2011-07-29T00:00:00,713981,Monthly,NETHERLANDMONSUPM2,2015-01-11T11:07:00
Netherlands,Money Supply M2,2011-08-31T00:00:00,716142,Monthly,NETHERLANDMONSUPM2,2015-01-11T11:07:00
Netherlands,Money Supply M2,2011-09-30T00:00:00,719897,Monthly,NETHERLANDMONSUPM2,2015-01-11T11:07:00
Netherlands,Money Supply M2,2011-10-31T00:00:00,718578,Monthly,NETHERLANDMONSUPM2,2015-01-11T11:07:00
Netherlands,Money Supply M2,2011-11-30T00:00:00,719898,Monthly,NETHERLANDMONSUPM2,2015-01-11T11:07:00
Netherlands,Money Supply M2,2011-12-30T00:00:00,727261,Monthly,NETHERLANDMONSUPM2,2015-01-11T11:07:00
Netherlands,Money Supply M2,2012-01-31T00:00:00,724399,Monthly,NETHERLANDMONSUPM2,2015-01-11T11:07:00
Netherlands,Money Supply M2,2012-02-29T00:00:00,725532,Monthly,NETHERLANDMONSUPM2,2015-01-11T11:07:00
Netherlands,Money Supply M2,2012-03-30T00:00:00,730647,Monthly,NETHERLANDMONSUPM2,2015-01-11T11:07:00
Netherlands,Money Supply M2,2012-04-30T00:00:00,730688,Monthly,NETHERLANDMONSUPM2,2015-01-11T11:07:00
Netherlands,Money Supply M2,2012-05-31T00:00:00,742591,Monthly,NETHERLANDMONSUPM2,2015-01-11T11:07:00
Netherlands,Money Supply M2,2012-06-29T00:00:00,741362,Monthly,NETHERLANDMONSUPM2,2015-01-11T11:07:00
Netherlands,Money Supply M2,2012-07-31T00:00:00,750220,Monthly,NETHERLANDMONSUPM2,2015-01-11T11:07:00
Netherlands,Money Supply M2,2012-08-31T00:00:00,750491,Monthly,NETHERLANDMONSUPM2,2015-01-11T11:07:00
Netherlands,Money Supply M2,2012-09-30T00:00:00,746477,Monthly,NETHERLANDMONSUPM2,2015-01-11T11:07:00
Netherlands,Money Supply M2,2012-10-31T00:00:00,751164,Monthly,NETHERLANDMONSUPM2,2015-01-11T11:07:00
Netherlands,Money Supply M2,2012-11-30T00:00:00,751452,Monthly,NETHERLANDMONSUPM2,2015-01-11T11:07:00
Netherlands,Money Supply M2,2012-12-31T00:00:00,747515,Monthly,NETHERLANDMONSUPM2,2015-01-11T11:07:00
Netherlands,Money Supply M2,2013-01-31T00:00:00,752218,Monthly,NETHERLANDMONSUPM2,2015-01-11T11:07:00
Netherlands,Money Supply M2,2013-02-28T00:00:00,754415,Monthly,NETHERLANDMONSUPM2,2015-01-11T11:07:00
Netherlands,Money Supply M2,2013-03-29T00:00:00,752756,Monthly,NETHERLANDMONSUPM2,2015-01-11T11:07:00
Netherlands,Money Supply M2,2013-04-30T00:00:00,747163,Monthly,NETHERLANDMONSUPM2,2015-01-11T11:07:00
Netherlands,Money Supply M2,2013-05-31T00:00:00,752350,Monthly,NETHERLANDMONSUPM2,2015-01-11T11:07:00
Netherlands,Money Supply M2,2013-06-30T00:00:00,757683,Monthly,NETHERLANDMONSUPM2,2015-01-11T11:07:00
Netherlands,Money Supply M2,2013-07-31T00:00:00,751017,Monthly,NETHERLANDMONSUPM2,2015-01-11T11:07:00
Netherlands,Money Supply M2,2013-08-30T00:00:00,753703,Monthly,NETHERLANDMONSUPM2,2015-01-11T11:07:00
Netherlands,Money Supply M2,2013-09-30T00:00:00,758608,Monthly,NETHERLANDMONSUPM2,2015-01-11T11:07:00
Netherlands,Money Supply M2,2013-10-31T00:00:00,743665,Monthly,NETHERLANDMONSUPM2,2015-01-11T11:07:00
Netherlands,Money Supply M2,2013-11-29T00:00:00,746252,Monthly,NETHERLANDMONSUPM2,2015-01-11T11:07:00
Netherlands,Money Supply M2,2013-12-31T00:00:00,744188,Monthly,NETHERLANDMONSUPM2,2015-01-11T11:07:00
Netherlands,Money Supply M2,2014-01-31T00:00:00,741353,Monthly,NETHERLANDMONSUPM2,2015-01-11T11:07:00
Netherlands,Money Supply M2,2014-02-28T00:00:00,748359,Monthly,NETHERLANDMONSUPM2,2015-01-11T11:07:00
Netherlands,Money Supply M2,2014-03-31T00:00:00,744490,Monthly,NETHERLANDMONSUPM2,2015-01-11T11:07:00
Netherlands,Money Supply M2,2014-04-30T00:00:00,736042,Monthly,NETHERLANDMONSUPM2,2015-01-11T11:07:00
Netherlands,Money Supply M2,2014-05-30T00:00:00,746711,Monthly,NETHERLANDMONSUPM2,2015-01-11T11:07:00
Netherlands,Money Supply M2,2014-06-30T00:00:00,740230,Monthly,NETHERLANDMONSUPM2,2015-01-11T11:07:00
Netherlands,Money Supply M2,2014-07-31T00:00:00,732970,Monthly,NETHERLANDMONSUPM2,2015-01-11T11:07:00
Netherlands,Money Supply M2,2014-08-29T00:00:00,734614,Monthly,NETHERLANDMONSUPM2,2015-01-11T11:07:00
Netherlands,Money Supply M2,2014-09-30T00:00:00,744920,Monthly,NETHERLANDMONSUPM2,2015-01-11T11:07:00
Netherlands,Money Supply M2,2014-10-31T00:00:00,741862,Monthly,NETHERLANDMONSUPM2,2015-01-11T11:07:00
Netherlands,Money Supply M2,2014-11-30T00:00:00,743761,Monthly,NETHERLANDMONSUPM2,2015-01-18T13:23:00
Netherlands,Money Supply M2,2014-12-31T00:00:00,743441,Monthly,NETHERLANDMONSUPM2,2015-01-30T19:19:00
Netherlands,Money Supply M2,2015-01-31T00:00:00,841360,Monthly,NETHERLANDMONSUPM2,2015-02-27T17:56:00
Netherlands,Money Supply M2,2015-02-28T00:00:00,840101,Monthly,NETHERLANDMONSUPM2,2015-03-27T19:01:00
Netherlands,Money Supply M2,2015-03-31T00:00:00,847436,Monthly,NETHERLANDMONSUPM2,2015-05-04T19:26:00
Netherlands,Money Supply M2,2015-04-30T00:00:00,846181,Monthly,NETHERLANDMONSUPM2,2015-06-01T17:11:00
Netherlands,Money Supply M2,2015-05-31T00:00:00,862555,Monthly,NETHERLANDMONSUPM2,2015-06-29T18:25:00
Netherlands,Money Supply M2,2015-06-30T00:00:00,847875,Monthly,NETHERLANDMONSUPM2,2015-07-27T17:30:00
Netherlands,Money Supply M2,2015-07-31T00:00:00,849450,Monthly,NETHERLANDMONSUPM2,2015-08-28T19:25:00
Netherlands,Money Supply M2,2015-08-31T00:00:00,847348,Monthly,NETHERLANDMONSUPM2,2015-10-01T17:31:00
Netherlands,Money Supply M2,2015-09-30T00:00:00,830120,Monthly,NETHERLANDMONSUPM2,2015-10-30T17:08:00
Netherlands,Money Supply M2,2015-10-31T00:00:00,837258,Monthly,NETHERLANDMONSUPM2,2015-12-04T16:09:00
Netherlands,Money Supply M2,2015-11-30T00:00:00,844463,Monthly,NETHERLANDMONSUPM2,2015-12-30T16:42:00
Netherlands,Money Supply M2,2015-12-31T00:00:00,830962,Monthly,NETHERLANDMONSUPM2,2016-01-29T16:16:00
Netherlands,Money Supply M2,2016-01-31T00:00:00,845415,Monthly,NETHERLANDMONSUPM2,2016-02-25T19:56:00
Netherlands,Money Supply M2,2016-02-29T00:00:00,850772,Monthly,NETHERLANDMONSUPM2,2016-04-05T16:57:00
Netherlands,Money Supply M2,2016-03-31T00:00:00,852019,Monthly,NETHERLANDMONSUPM2,2016-04-30T10:17:00
Netherlands,Money Supply M2,2016-04-30T00:00:00,848095,Monthly,NETHERLANDMONSUPM2,2016-06-04T10:22:00
Netherlands,Money Supply M2,2016-05-31T00:00:00,867662,Monthly,NETHERLANDMONSUPM2,2016-07-14T14:58:00
Netherlands,Money Supply M2,2016-06-30T00:00:00,839678,Monthly,NETHERLANDMONSUPM2,2016-07-27T15:29:00
Netherlands,Money Supply M2,2016-07-31T00:00:00,840037,Monthly,NETHERLANDMONSUPM2,2016-08-27T10:29:00
Netherlands,Money Supply M2,2016-08-31T00:00:00,840287,Monthly,NETHERLANDMONSUPM2,2016-10-01T10:14:00
Netherlands,Money Supply M2,2016-09-30T00:00:00,849220,Monthly,NETHERLANDMONSUPM2,2016-10-29T10:20:00
Netherlands,Money Supply M2,2016-10-31T00:00:00,842764,Monthly,NETHERLANDMONSUPM2,2017-01-08T19:59:00
Netherlands,Money Supply M2,2016-11-30T00:00:00,859577,Monthly,NETHERLANDMONSUPM2,2017-01-08T19:59:00
Netherlands,Money Supply M2,2016-12-31T00:00:00,843648,Monthly,NETHERLANDMONSUPM2,2017-02-04T10:06:00
Netherlands,Money Supply M2,2017-01-31T00:00:00,856844,Monthly,NETHERLANDMONSUPM2,2017-03-04T10:05:00
Netherlands,Money Supply M2,2017-02-28T00:00:00,866483,Monthly,NETHERLANDMONSUPM2,2017-04-01T10:04:00
Netherlands,Money Supply M2,2017-03-31T00:00:00,876190,Monthly,NETHERLANDMONSUPM2,2017-04-29T10:06:00
Netherlands,Money Supply M2,2017-04-30T00:00:00,855795,Monthly,NETHERLANDMONSUPM2,2017-06-03T10:05:00
Netherlands,Money Supply M2,2017-05-31T00:00:00,854956,Monthly,NETHERLANDMONSUPM2,2017-07-01T10:07:00
Netherlands,Money Supply M2,2017-06-30T00:00:00,847259,Monthly,NETHERLANDMONSUPM2,2017-07-29T10:05:00
Netherlands,Money Supply M2,2017-07-31T00:00:00,852271,Monthly,NETHERLANDMONSUPM2,2017-09-02T10:06:00
Netherlands,Money Supply M2,2017-08-31T00:00:00,860454,Monthly,NETHERLANDMONSUPM2,2017-09-30T10:06:00
Netherlands,Money Supply M2,2017-09-30T00:00:00,859964,Monthly,NETHERLANDMONSUPM2,2017-10-28T10:05:00
Netherlands,Money Supply M2,2017-10-31T00:00:00,859953,Monthly,NETHERLANDMONSUPM2,2017-12-02T10:07:00
Netherlands,Money Supply M2,2017-11-30T00:00:00,863368,Monthly,NETHERLANDMONSUPM2,2017-12-30T10:05:00
Netherlands,Money Supply M2,2017-12-31T00:00:00,848125,Monthly,NETHERLANDMONSUPM2,2018-01-27T10:05:00
Netherlands,Money Supply M2,2018-01-31T00:00:00,854016,Monthly,NETHERLANDMONSUPM2,2018-03-03T10:06:00
Netherlands,Money Supply M2,2018-02-28T00:00:00,851153,Monthly,NETHERLANDMONSUPM2,2018-04-04T11:21:00
Netherlands,Money Supply M2,2018-03-31T00:00:00,851148,Monthly,NETHERLANDMONSUPM2,2018-05-05T10:07:00
Netherlands,Money Supply M2,2018-04-30T00:00:00,845149,Monthly,NETHERLANDMONSUPM2,2018-06-02T10:07:00
Netherlands,Money Supply M2,2018-05-31T00:00:00,862826,Monthly,NETHERLANDMONSUPM2,2018-06-30T10:06:00
Netherlands,Money Supply M2,2018-06-30T00:00:00,852907,Monthly,NETHERLANDMONSUPM2,2018-07-28T10:07:00
Netherlands,Money Supply M2,2018-07-31T00:00:00,851418,Monthly,NETHERLANDMONSUPM2,2018-09-01T10:05:00
Netherlands,Money Supply M2,2018-08-31T00:00:00,847046,Monthly,NETHERLANDMONSUPM2,2018-09-29T10:06:00
Netherlands,Money Supply M2,2018-09-30T00:00:00,849521,Monthly,NETHERLANDMONSUPM2,2018-10-27T10:07:00
Netherlands,Money Supply M2,2018-10-31T00:00:00,849585,Monthly,NETHERLANDMONSUPM2,2018-12-01T10:07:00
Netherlands,Money Supply M2,2018-11-30T00:00:00,857141,Monthly,NETHERLANDMONSUPM2,2019-01-05T10:05:00
Netherlands,Money Supply M2,2018-12-31T00:00:00,846277,Monthly,NETHERLANDMONSUPM2,2019-02-02T10:06:00
Netherlands,Money Supply M2,2019-01-31T00:00:00,846504,Monthly,NETHERLANDMONSUPM2,2019-03-02T10:09:00
Netherlands,Money Supply M2,2019-02-28T00:00:00,849424,Monthly,NETHERLANDMONSUPM2,2019-03-30T10:08:00
Netherlands,Money Supply M2,2019-03-31T00:00:00,858159,Monthly,NETHERLANDMONSUPM2,2019-05-04T10:06:00
Netherlands,Money Supply M2,2019-04-30T00:00:00,859156,Monthly,NETHERLANDMONSUPM2,2019-06-01T10:05:00
Netherlands,Money Supply M2,2019-05-31T00:00:00,877560,Monthly,NETHERLANDMONSUPM2,2019-07-06T10:05:00
Netherlands,Money Supply M2,2019-06-30T00:00:00,871121,Monthly,NETHERLANDMONSUPM2,2019-08-03T12:18:00
Netherlands,Money Supply M2,2019-07-31T00:00:00,874900,Monthly,NETHERLANDMONSUPM2,2019-08-31T10:05:00
Netherlands,Money Supply M2,2019-08-31T00:00:00,894855,Monthly,NETHERLANDMONSUPM2,2019-09-28T10:03:00
Netherlands,Money Supply M2,2019-09-30T00:00:00,886537,Monthly,NETHERLANDMONSUPM2,2019-11-02T10:03:00
Netherlands,Money Supply M2,2019-10-31T00:00:00,885875,Monthly,NETHERLANDMONSUPM2,2019-11-30T10:03:00
Netherlands,Money Supply M2,2019-11-30T00:00:00,895062,Monthly,NETHERLANDMONSUPM2,2020-01-04T10:03:00
Netherlands,Money Supply M2,2019-12-31T00:00:00,889861,Monthly,NETHERLANDMONSUPM2,2020-02-08T10:03:00
Netherlands,Money Supply M2,2020-01-31T00:00:00,890434,Monthly,NETHERLANDMONSUPM2,2020-02-29T10:04:00
Netherlands,Money Supply M2,2020-02-29T00:00:00,898932,Monthly,NETHERLANDMONSUPM2,2020-03-28T10:04:00
Netherlands,Money Supply M2,2020-03-31T00:00:00,918042,Monthly,NETHERLANDMONSUPM2,2020-05-02T10:04:00
Netherlands,Money Supply M2,2020-04-30T00:00:00,929166,Monthly,NETHERLANDMONSUPM2,2020-05-30T10:04:00
Netherlands,Money Supply M2,2020-05-31T00:00:00,959888,Monthly,NETHERLANDMONSUPM2,2020-07-04T10:04:00
Netherlands,Money Supply M2,2020-06-30T00:00:00,955153,Monthly,NETHERLANDMONSUPM2,2020-08-01T10:04:00
Netherlands,Money Supply M2,2020-07-31T00:00:00,962192,Monthly,NETHERLANDMONSUPM2,2020-08-29T10:06:00
Netherlands,Money Supply M2,2020-08-31T00:00:00,967314,Monthly,NETHERLANDMONSUPM2,2020-10-03T10:05:00
Netherlands,Money Supply M2,2020-09-30T00:00:00,971952,Monthly,NETHERLANDMONSUPM2,2020-10-29T12:32:00
Netherlands,Money Supply M2,2020-10-31T00:00:00,967788,Monthly,NETHERLANDMONSUPM2,2020-11-28T10:05:00
Netherlands,Money Supply M2,2020-11-30T00:00:00,975484,Monthly,NETHERLANDMONSUPM2,2021-01-09T10:03:00
Netherlands,Money Supply M2,2020-12-31T00:00:00,974275,Monthly,NETHERLANDMONSUPM2,2021-01-30T10:03:00
Netherlands,Money Supply M2,2021-01-31T00:00:00,973190,Monthly,NETHERLANDMONSUPM2,2021-02-27T10:04:00
Netherlands,Money Supply M2,2021-02-28T00:00:00,983518,Monthly,NETHERLANDMONSUPM2,2021-03-27T10:03:00
Netherlands,Money Supply M2,2021-03-31T00:00:00,996587,Monthly,NETHERLANDMONSUPM2,2021-05-01T10:04:00
Netherlands,Money Supply M2,2021-04-30T00:00:00,989408,Monthly,NETHERLANDMONSUPM2,2021-06-05T10:05:00
Netherlands,Money Supply M2,2021-05-31T00:00:00,1014558,Monthly,NETHERLANDMONSUPM2,2021-07-03T10:05:00
Netherlands,Money Supply M2,2021-06-30T00:00:00,1016821,Monthly,NETHERLANDMONSUPM2,2021-07-31T10:05:00
Netherlands,Money Supply M2,2021-07-31T00:00:00,1018053,Monthly,NETHERLANDMONSUPM2,2021-08-28T10:02:00
Netherlands,Money Supply M2,2021-08-31T00:00:00,1025982,Monthly,NETHERLANDMONSUPM2,2021-10-02T10:02:00
Netherlands,Money Supply M2,2021-09-30T00:00:00,1039158,Monthly,NETHERLANDMONSUPM2,2021-12-04T10:02:00
Netherlands,Money Supply M2,2021-10-31T00:00:00,1038481,Monthly,NETHERLANDMONSUPM2,2021-12-04T10:02:00
Netherlands,Money Supply M2,2021-11-30T00:00:00,1065313,Monthly,NETHERLANDMONSUPM2,2022-01-01T10:03:00
Netherlands,Money Supply M2,2021-12-31T00:00:00,1063146,Monthly,NETHERLANDMONSUPM2,2022-02-26T10:02:00
Netherlands,Money Supply M2,2022-01-31T00:00:00,1058094,Monthly,NETHERLANDMONSUPM2,2022-06-04T10:02:00
Netherlands,Money Supply M2,2022-02-28T00:00:00,1068753,Monthly,NETHERLANDMONSUPM2,2022-06-04T10:02:00
Netherlands,Money Supply M2,2022-03-31T00:00:00,1090394,Monthly,NETHERLANDMONSUPM2,2022-06-04T10:02:00
Netherlands,Money Supply M2,2022-04-30T00:00:00,1095693,Monthly,NETHERLANDMONSUPM2,2022-06-04T10:02:00
Netherlands,Money Supply M2,2022-05-31T00:00:00,1110086,Monthly,NETHERLANDMONSUPM2,2022-07-23T10:02:00
Netherlands,Money Supply M2,2022-06-30T00:00:00,1124496,Monthly,NETHERLANDMONSUPM2,2022-07-30T10:02:00
Netherlands,Money Supply M2,2022-07-31T00:00:00,1130238,Monthly,NETHERLANDMONSUPM2,2022-09-03T10:02:00
Netherlands,Money Supply M2,2022-08-31T00:00:00,1148750,Monthly,NETHERLANDMONSUPM2,2022-10-01T10:03:00
Netherlands,Money Supply M2,2022-09-30T00:00:00,1155044,Monthly,NETHERLANDMONSUPM2,2022-10-29T10:03:00
Netherlands,Money Supply M2,2022-10-31T00:00:00,1148697,Monthly,NETHERLANDMONSUPM2,2022-12-03T10:03:00
Netherlands,Money Supply M2,2022-11-30T00:00:00,1160040,Monthly,NETHERLANDMONSUPM2,2023-01-14T10:02:00
Netherlands,Money Supply M2,2022-12-31T00:00:00,1130013,Monthly,NETHERLANDMONSUPM2,2023-02-01T05:23:00
Netherlands,Money Supply M2,2023-01-31T00:00:00,1124301,Monthly,NETHERLANDMONSUPM2,2023-03-04T10:03:00
Netherlands,Money Supply M2,2023-02-28T00:00:00,1122398,Monthly,NETHERLANDMONSUPM2,2023-04-01T10:03:00
